Review,label_model,label_llm
Langsung di sambut dengan ramah n megah,Positif,
Salah satu tempat makan seafood di seputaran Gejayan rasa gurame bakar dan jamur telor asin enak,Positif,
"Lokasi strategis, parkir mobil cuma bisa di tepi jalan. Tempatnya lebih sempit daripada cabang yang di Kotabaru. Ada area semi outdoor di belakang tapi masih kena asap bakaran juga. Pelayanannya baik, reservasi via WA responsif. Porsi makanan cukup, rasa lumayan masuk untuk selera saya. Ada musholla dan toilet.",Negatif,
"Enak, ga terlalu pricey, worth it",Negatif,
"enak, lumayan murah karena porsinya besar. kehitung cepat juga meski kondisinya rame orderan.",Positif,
"Pelayanan yang ramah. Bau bakaran yang menggugah, bikin pengen mampir. Setelah mampir terjyata emang enak hehehe",Positif,
pelayanannya bagus sekali! ð¤ð¤© â¦,Positif,
"Sambutan kompak dari pegawai ketika datang dan selesai makan menunjukan kerjasama pegawai yang baik. Kondisi tempat makan agak panas ya lebih ke pengap, mungkin karena udara hembusan kipas berada pada samping dapur persis. Saya tiba waktu â¦",Negatif,
"Tiap masuk & pulang di Zona Seafood di cabang manapun, selalu berasa ertong disorakin, seru banget! â¦",Positif,
Alhamdulillah. Tersembunyi di tengah kota.,Positif,
cita rasa yg perlu di coba lagi,Negatif,
Harganya murah meriah,Positif,
"Harganya worth it, cuma parkiran khusus nya mobil sangat susah karena jalan didepan baru diperbaiki",Negatif,
"Untuk kualitas namakan sudah cukup bagus, menu makanan banyak ragam seafood, untuk rasa makannya enak semua frash. Pelayanan memiliki cirikhas saat menyambut dan memberi sialam perpisahan, parkirannya sempit",Positif,
"Setelah seharian beraktifitas rasa lapar mimin terobati.
Makanan enak dan tempatnya nyaman.",Positif,
"Mampir ke resto ini karena nginep di hotel yang cukup dekat lokasi. Buka mulai sore sampai malam hari. Pertama lewat ramai orang keluar masuk, ga pakai baca review ketika memutuskan makan disini. Alasannya bosan dengan menu itu2 saja dan â¦",Negatif,
Enak saya sampe kenyang,Positif,
"Untuk kalian pecinta seafood, wajib banget mampir di warung makan ini. Makanannya enak2.
Salam sari CV Sabun Pondokð¤¤ð â¦",Positif,
mamamia lezatosszzzz,Negatif,
Enakkkkk semua,Negatif,
Recommended ððð mari silahkan selamat datang â¦,Positif,
"Zona ð¦ð¦ð¦ð¦ Gejayan: ð¤ð¤ð¤ Goreng Tepungnya Juara!

Tanpa ragu, ð langsung pesan menu ini. Dan benar saja, udangnya sangat renyah di â¦",Positif,
Sangat membantu,Positif,
"Makanannya oke, ikan fresh. Service nya jg ramah dan cepat. Ikan bakarnya mantab bgt lah",Positif,
"Tempat nyaman dan cukup luas, ada outdoornya, harga bersahabat, rasa enak, dan pelayanan cepat. Top ð â¦",Positif,
Disemua cabang rasanya sama2 enak..,Positif,
"Pilihan menunya banyak,harga cocok dan rasanya pun enak2. Cocok kalo pengen makan rame2 bareng temen2 atau keluarga. Tempatnya juga cukup luas,ada pilihan indoor dan outdoornya. Pegawainya super ramah,berasa masuk Indomaret setiap masuk Zona Seafood. Ada mushola juga.",Positif,
"Barracuda bakar manis madunya enak, bandeng tanpa duri bakar manis madu juga mantap, apalagi gaya sambutan yg super sekali...",Positif,
"Tempat nya bagus, tp yg bagian outdoor nya, kalau bagian dalam sumpek kena asap masakan. Untuk taste, kurang cocok dilidah sy",Negatif,
"Soal rasa bikin ketagihan, harga relatif terjangkau...",Positif,
Jika bawa bahan sendiri bisa dimasakin kah min?,Negatif,
"Berkali  kali kesini, tempat nya enak dan bersih apalagi yang beratapkan langit. Seafood banyak pilihan dengan saus beraneka ragam + harga reasonable. Rekomendasi kalau kesini = udang saus telur asin + ca kangkung wess kombinasi duo mantap ð â¦",Positif,
"Makan seafood di sini memang sudah paling bener sih. Mas mas dan mbak mbaknya sungguh ramah dan ramai sekali. Mau masuk dan keluar aja mas pemasaknya selalu menyambut wkwkwkw aku suka banget. makanannya pun juga enak, pas buat aku. Banyak pilihannya. Aku yakin aku akan makan lagi di sana asoy",Positif,
Enak pool,Positif,
"Tempatnya lumayan luas, pegawainya juga ramah, harga bisa menyesuaikan kantong, walau rame tp nggak nunggu lama buat makanan keluar, letaknya dipinggir jalan jadi mudah buat ditemukan",Positif,
"makanannya enak, harga sediki pricey, tp worth to buy, seafoodnya juga lengkap, rekomended bgt klo mau makan seafood,",Positif,
Nikmat.. cocok,Positif,
"Overall rasa makanannya enak, sambalnya mantap pedasnya",Positif,
"masakanya enak,karyawanya ramah2,tempatnya nyaman,harga bersahabat",Positif,
"Kata teman, makanan di sini enak. Tidak ada salahnya mencoba rekomendasinya dr app pesan antar. Setelah pesanan tiba dan mencicipinya, oke, cukup tahu saja. Bumbu lada hitam dominan pedas lada, tidak ada rasa bumbu lain, begitu pula dg saus padangnya, tasteless. Menu makanan ada bermacam-macam, dari beragam seafood",Positif,
"Baru pertama makan seafood di sini. Kami pesan cumi asam manis, udang saus padang, dan kerang simping saus mentega. Dari segi rasa udah enak dan isinya lumayan banyak kalau untuk dimakan sendiri. Sayang, udang saus padangnya sedikit â¦",Negatif,
Gila ...mantep murah banget dgn menu seafood...rasanya juga wenakkkk...bawa keluarga pas banget ini,Positif,
"Tempat makan seafood terlaris dan paling ramai. Kirain bakal lama nunggu ternyata penyajiannya ga butuh waktu lama. Rasanya mantap sesuai selera. Sambel kecap biasanya cuma manis sedikit potongan cabe, di sini kerasa manis pedesnya mantap. â¦",Negatif,
Pelayanannya luarbiasa,Positif,
Enakkk rasanya.....seafood nya segarr......harga ekonomis....ðððððððð â¦,Positif,
"Pertama, waktu dateng sama mau pulang kompak diucapin mas mba staffnya, lucu bgtt. â¦",Positif,
"Makanannya enak, service cepat, tempat cukup luas.
Jamur telur asinnya rekomen banget..
Sayurnya enak, bumbunya jozz..ðð
Dori menteganya juga enak bgt xixi:33 â¦",Positif,
"Enak puol, recomended banget buat yang nyari makanan seafood-based di Jogja. Tempat juga sangat nyaman dan luas, ada outdoornya. Thumbs up ð â¦",Positif,
"lagi mumet mumetnya ngerjain laprak, ngeracunin anak anak aja biar ikut makan disini, dan alhamdulillah pada sukaaa jugak! semangattttt semester 4 teman temannn",Negatif,
nyobain kesini kebetulan krn rating tinggi.. ternyata memang seenak itu rasa nya..,Negatif,
"Not badlah. Emang harganya jg dibanding seafood di jogja yang lain, ini cenderung lebih affordable.
Pelayanan sangat ramah. â¦",Positif,
"Ikan bumbu parepe dan terong asam manisnya enak, sesuai rasanya pas
Ikannya pakai baracuda jadi gede, biasanya ikan baracuda aga hambar tapi ini ketutup sama spices",Negatif,
"Udang nya biasa, tapi terong nya enak dan cumi nya enak
Dan untuk teh manisnya tolong gula nya jangan kebanyakan",Negatif,
"Seafood murah tapi enak rasa nya
Jooosss",Positif,
Bakar madunya recomended,Positif,
"Worth it bgt resto ini..
Recommended bgt ð¤© â¦",Positif,
Mantab poll ikan bakar parapenya,Positif,
sambutannya menyenangkan,Negatif,
Makanannya enak harganya murah untuk ukuran di tengah kota. Dan lagi di awal disambut dan di akhir ketika pergi juga disambut diberi ucapan yg menggema baru nemu yg kayak gini soalnya. Good job keren ini tempat.,Positif,
"Karena Tutup jam 11 malam, jadi pesen makanan duluan lewat WhatsApp.
Tempatnya Bersih dan Nyaman.
Disambut dengan teriakan Selamat Datang datang. â¦",Positif,
selalu jadi tempat makan favorit tiap ke jogja,Positif,
mantappp,Negatif,
Porsi mantapp,Negatif,
"Hidangan laut segar dan banyak menu vegetarian. Terkadang, kabut asap pembakaran dapat memengaruhi aroma rambut Anda. Selalu ramah dan mengucapkan selamat tinggal dengan antusias. Pelayanannya lezat dan sangat ramah. Jangan lupa pesan kremesan renyah dan sambal bawang ð â¦",Positif,
"pertama kali kesini pas bukber kemaren..t4nya lumayan nyaman,bersih karyawan nya cekatan & ramahÂ² ð â¦",Positif,
"Enak masakannya, kalo berani bumbunya lagi mungkin lebih enak lagi yakin deh... Overall Ok sih buat yg suka seafood",Positif,
"Harga terjangkau,pokoknya sak joseeeeððâ¤ â¦",Positif,
"Karyawan nya kompak dan ramah,mantap",Positif,
"Gak heran selalu ramai dan antri, rasa pesanan cocok semua. Ikan saos padang enak, kangkung belacan berasa belacannya, yg unik terong saos mentega, kenyal dibalut tepung dan disiram saos gurih. Ketika ramai musti antri utk dpt seat, tp â¦",Negatif,
"Rasanya sebenernya enak, cuma di beberapa masakan terlalu over seasoning dan jadinya eneg, dan menurut saya kaya greeting ke pelanggan ndakusah terlalu over malah jadi ga tenang makannya ð â¦",Negatif,
"Makanannya sebenernya enak, cuma menurutku ini porsi nanggung bgt, banyak engga kurang iya. But over all puas sama pelayanannya. Dan yang penting Fresh yaa seafoodnya minim amis",Negatif,
"Overal enak dan affordable, harga udah naik, sudah berbeda dengan apa yang tercantum di banner depan toko, tapi kalo untuk yang sudah berpenghasilan mungkin masih terjangkau, tapi kalo untuk mahasiswa menengah ke bawah kek saya mungkin bisa â¦",Negatif,
"Staffnya gercep dan semangat sekali,

Udang dan kerang asam manisnya menyegarkan, sambal nanasnya mantap, dorinya enak â¦",Positif,
"Pelayanan sangat cepat, ramah dan kualitas makanan juara",Positif,
WAH INI ENAK BANGETTT. PELAYANNYA RAMAH SEMUAAA,Positif,
"Layanan oke, makanya beneran enak hanya mungkin asapnya bisa dikondisikan dikit.",Negatif,
"mantapp makan cumi, dori sama ikan cakalang puas bgt. mulai dari kematangan, kuah, bumbu dll semuanya joss. setau saya cuman disini seafood yg harganya murah dan enak rasanya, pegawai ramah ramah dan helpful",Positif,
"Eunaaak !
Pesen udang saos asam manis dan cumi goreng tepung ðð» â¦",Negatif,
Istimewa ikan bakarnya,Negatif,
"Mau masuk semua karyawanya mengucapkan salam secara serentak, begitupun wkt kluar pulang. Cepat penyajiannya, harga bersahabat, rasa enak. Pertahankan.",Positif,
"Selamat datang......

Eat â¦",Negatif,
"Makan seafood harga murah meriah kenyang,disambut selamat datang dr crew hahaha,tp ga ccok utk berlama2 karna antri dan panas ,secara kena asap dapur",Negatif,
"Kepitingnya beneran yg byk dagingnya, tapi rasa saus nya agak kurang engga kayak saos padang. Overall enak enak kok, dan engga terlalu mahal",Negatif,
"Kepengen garagara liat storynya temen, nyobain lewat shopee ternyata enak pollllð­ð­ð­ beli udang goreng telur asin sama kerang saos padang polll enaknyað­ð­ð­ â¦",Negatif,
ðð» â¦,Negatif,
enak,Positif,
Worth for the price! Saran mungkin piring utk ikan bakarnya bisa pake yg lebih besar biar ga tumpah2 acarnya ð â¦,Negatif,
Enak harga sesuai rasa n kuantitas...... Joss.....,Negatif,
"Enak sekali, serasa makan di Sulawesi",Positif,
Pokoknya kalo ke jogja always nyempetin makan di zona seafood!! Bener2 lebih enak dr seafood2 pinggir laut sana. Cuma emang suka gerah bgt kalo lg nunggu makanan ...,Positif,
"Servicenya juara, karyawannya ramah banget â­
Makanannya enak, satu porsi bisa buat 2-3 orang. Ini ayam saos mentega rasanya asem manis gitu, cuma buat saya yang lidah Sumatera kurang pedas, tapi kalau standar Jogja udah enak ðð» â¦",Negatif,
"Tempat bersih, pelayanan ramah, harga aman di kantong, cepat, rasanya enak... Recommended",Positif,
"warung seafood terfavoritð¥° enak banget, ramah pelayannya â¦",Positif,
"Seafood yang dipakai fresh, staf sangat ramah, dan rasanya boleh diadu yaa. Aku lebih suka pilih meja di outdoor. Affordable seafood in town sih ini. Saos padangnya recomended ðð¼ â¦",Positif,
"Zona Seafood merupakan pilihan tempat makan yang menarik di kawasan pinggir jalan utama, mudah ditemukan dan cukup strategis. Menu yang ditawarkan beragam, mulai dari olahan ikan laut hingga ikan air tawar. Saat datang, pengunjung disambut â¦",Positif,
Makanan dan pelayanannya sangat memuaskan bangetð¥ð¥ sangat recomendedð¥ð¥ â¦,Positif,
makanan enak pelayanannya cepat dan ramah,Positif,
Untuk makanan sih oke,Negatif,
"pelayanan ramah dari reservasi sampai selesai makan. tempatnya rame tapi ada jarak antara meja jadi tidak terasa padat. ikan laut saos telur asin nya top, kepiting saos padang mungkin agak terlalu asin (tapi ini preferensi sih). pokoknya saos2nya one of the best. ada musholla kecil jadi masih bisa utk bukber.",Negatif,
"""Ayo""
""TERIMA KASIH""
Gemetar itulah ciri khas mereka. â¦",Negatif,
"Makan enak, harga sangat murah untuk sekelas makanan seafood, bakar parape dan saos padangnya nendang gaes...",Positif,
"Datang dan pulang disambut sapaan khas seluruh staf. Layanan cepat, tidak menunggu lama pesanan sudah diantar. Kerang menteganya berasa sampai ke dalam, ikan bakarnya juga. Tidak mahal utk seafood sejenis.",Negatif,
Comfortable place kalau lagi bm seafood. Selalu tertegun kalau dengar sambutan dari karyawan disana. Kompakkk,Positif,
Enak & harga ok.,Negatif,
"Ini masakanya luar biasa enak sih.. gada lawan... Favorit banget ... Paling suka kangkungnya , seger banget.. sama pelayanan nya lumayan cepet",Positif,
"Menunya banyak, seporsi bisa buat 2/3 orang kalau saya. Enak masakannya dan murah",Positif,
"mantab rasanya, harganya juga ok ga terlalu mahal. Baru sekali mencoba, next time ke Jogja, wajib datang lagi kesini. Pilihan menunya banyak dan enak semua.",Positif,
"Menu yang disajikan enak, pelayanan baik dan ramah, tempat bersih, cocok untuk makan bersama keluarga.",Positif,
"Makanan disini enak-enak, cepat pelayanannya, sempet kaget sih masuk disambut dengan ucapan selamat datang dengan nada keras..wkwkwk tapi sukaaa. Tempatnya nyaman, kesana sama suami dan anak, sampe jaket dan topi anakku ketinggalan dan â¦",Positif,
"Pelayanan cepat, ikan laut bumbu rica nya enak",Positif,
"Rasa masakannya enak, olahan lautnya segar semuanya gaada yang berbau/basi, porsi dan harganya juga standar, minusnya agak gerah dikit suasana didalam kalo dine in",Negatif,
"Rasanya mantap, bumbunya medok, dan fresh. Sambalnya mantap dan pedess. Pelayanan ramah dan lumayan cepet.",Positif,
"Pelayanan cepat dan ramah, makanan enak, kebersihan terjaga.",Positif,
"Enak semua!! Harga worth it!!
Tapi kerang dara besarnya udah bbrp waktu ga ada... Sedih...",Negatif,
"Menu foodnya seafood, ada udang, kerang, cumi, ikan gurame dan banyak lg, aku pesan udang goreng asam mentega, kerang dara rebus dan cha kangkung, rasanya enak dan ok banget, antri klo tiap weekend tp gak nunggu lama kok, jd recommended utk dicobain",Negatif,
"Tidak pernah gagal!!!
Sambutan yang mengejutkan, pelayanan yang baik, semua makanannya enak, worth it!!! Recomended â¤ï¸",Positif,
"Murah, enak, dan yg paling penting higienis!!!
Luvvv, suka bgt sm zona seafood â¡â¡â¡",Positif,
"Pilihan restoran yang tepat untuk menyantap hidangan laut segar, banyak pilihan menunya. Bagian yang paling seru adalah saat masuk dan keluar restoran, Anda selalu disambut oleh suara ramah para karyawan. Mantap.",Positif,
Woke mantap pelayanan baik,Positif,
"Mkanannya enak poll, pelayannan ramah dan cepat, wajib mampir pokoknya",Positif,
"Zona Seafood (Gejayan) adalah tempat yang cocok untuk kalian yang ingin bersantap bersama keluarga, teman, ataupun pasangan. Tempatnya di pinggir jalan raya, dan tempatnya besar. Tempat parkir khususnya ada, dan tempatnya sejuk.",Positif,
Makanan nya ok d. Space nya juga lumayan,Negatif,
Service nya mantap ð kerennn â¦,Positif,
"Kebetulan lokasi dekat dengan kos kosan. Terus pengen nyobain karena tempatnya selalu rame,
beli Cumi telur asin,tumis kangkung sama ikan bakar parape,paling suka sama â¦",Positif,
"Enak, worth it bgt buat makan seafood yang ga pengen lesehan",Positif,
Murah tur enak sih. Pelayanannya juga bagus banget. Nunggu lama ikannya doang karena dibakar dulu. Yang lain cepet kok. Makanannya juga enak2. Approve banget sih buat Ikan Bakar Bumbu Jimbarannya ð â¦,Positif,
"Porsinya banyaakk, menu nya lengkap, harga standard, tempatnya luas dan bersih",Positif,
Bakalan jd langganan neh,Positif,
"Pelayanan sangat ramah, harga standar, rasa paling enam tetap asam manisð â¦",Positif,
"Kesan pertama kali makan di Zona Seafood. Seru banget!!!

Sejak awal masuk disambut dengan ramah oleh pegawainya tetapi tidak hanya â¦",Positif,
"Dari tempat bersih , nyaman , karyawannya juga ramah ramah banget dari datang sampai pulang disambut. Untuk menu banyak pilihannya , rasanya juga enak pas dilidah dari harga cukup pas dikantong",Positif,
"Rasa 8/10. Tempat makan luas dan lumayan. Buat pacaran oke, buat makan sekeluarga juga yes.",Positif,
"Enak, cepat saji, pegawai ramah",Positif,
"Mkanannya lumayan enak, harga juga gk terlalu mahal, karyawannya kompak ,ramah2 lg, recomend bgt pokok.ya , baru dateng udah d sapa seru bgtttð â¦",Positif,
Cumi goreng tepungnya terbaik!,Positif,
"Seafood nya okay... Sudah langganan cukup lama di sini... Pelayanan nya ramah dan sat set sat set... Yg belum pernah ku coba malah yg bakar"" nya... Porsi hidangan nya cukup saat ke sana 2 orang dng 2 menu kenyangg bangettt...",Positif,
"Kami pesan ikan bakar madu, kerang dara rebus besar, cumi telur asin dan semuanya enak. Sambalnya mantap. Best price. Tempatnya nyaman & bersih.",Positif,
"Terima kasih, makanan yang selalu menenangkanð¤ staf yang sangat baikð â¦",Positif,
"Selalu enak. Cuma tumben sih, buat kerang dara saos mentega nya kurang berasa. Tapi masakan lain tetep enak kok",Negatif,
"Makan nya enak2 , pelayanan mantap terbaik pokok nya",Positif,
"Baru 4 menit yg LaLu makan disitu,kepitingnya asin banget,jadi GK bisa menikmati,sudah gitu yg membuat saya kecewa,ada tambahan bayaran pajak Rp14.000,,pajak apa yaa,orang wifi aja GK ada...???,& seumur-umur baru kaLi ini makan ditempat makan tapi pengunjung yg disuruh bayar pajak,,!!!!aturan macam apa ini..???",Negatif,
Pelayanan sangat ramah dan profesional,Positif,
Enak makanannya dan tempatnya bersih...,Positif,
Luar biasa,Positif,
"Tempat makan seafood terenak dijogja dan murah meriahh! tidak sampai 5 menit sudah ready guys gilaa gak sih, cepett bangettt. Tempat dipinggir jalan tapi rasa dan pelayanan RESTORAN BINTANG 5. Mas2 pelayannya semua ramah. RECOMENDED BANGET POKOKE JOSSS ð (Sangat Puas) â¦",Positif,
"Makanannya not bad lah,kendala di parkiran terlalu mepet dengan jalan tapi bapak parkirnya sangat profesional dan ramah top bgt ðð â¦",Negatif,
tukang parkir ga gercep,Negatif,
desain outdoornya keren,Positif,
Mantap.. Enak... Bersih,Positif,
ððð â¦,Negatif,
"Masakannya Enak semua, bersih porsi bnyk, kurang nya 1 ga bisa pake kartu debit kredit",Negatif,
"Tempat yang direkomendasikan
Layanan yang direkomendasikan
Rasa yang direkomendasikan
Harga yang direkomendasikan",Negatif,
"Mantap,Porsinya banyaj banget bisa buat 2x makan, tp its okey bisa dibungkus jadi bisa dimakan lagi dirumah",Positif,
"Udang nya MANTAB,. Salut dengan experience saat ada pembeli masukð â¦",Negatif,
Pelayanan sangat ramah dan kompak dalam menyambut tamu. Kualitas rasa the best pokoknya ððð â¦,Positif,
Enakkk murah harga bersahabat,Positif,
"Saya datang ke sini hari kerja setelah makan malam sekitar pukul 19.30. Makanan datang sangat cepat, kurang dari 10 menit. Rasanya juga cukup konsisten setelah kunjungan ketiga. Sangat direkomendasikan untuk makanan yang menenangkan ð¤ð» â¦",Positif,
Pelayanan ramah. Saat datang dan keluar Anda akan disapa seluruh karyawan.,Positif,
"Pengalaman makan bersama keluarga besar ROSE , hadew .... mau makan antri dulu untuk dapat tempat duduk ....
Tapi menunya,  jangan tanya resepnya bro .... nikmat semua dan pasti bikin lidah bergoyang-goyang .....",Positif,
Parkir 2 rb. Naik mtr mau puter balik masuk abang2 nya diem doang ngarahin pake tangan sambil duduk ga dibantu nyebrang atau ngarahin. Masuk2 di sambut dengan teriakan para chef2 nya dan di aba2 in sama kasir nya pas pulang juga bilang â¦,Negatif,
"Enak banget, lahaap hap makannya, pokoknya jgn mpe kelewatan makan disini, rekomen udang bakar madu ð â¦",Positif,
makanannya enak harga murah. rekomendasi banged buat yang pecinta seafood.,Positif,
Enaaakkk.... Suka yg ada bumbu telur asinnya.... Udang goreng telur asin enak,Negatif,
"layanan oke walau pas masuk tuh kaget karena diucapin selamat dateng rame2 wahahaha. makanan cepet datengnya. suasana juga enak, nyaman. tapi sayangnya, makanannya kayak kurang fresh (?) itu yg lada item luarnya panas tp dalemnya biasa aja â¦",Negatif,
"Pelayanan okee, masakannya mantap, responnya cepat!!!",Positif,
Mantapppp. Enak. Karyawannya ramah sekali. Makanan enak. Harga sama dg kualitas. Thank you ya,Positif,
Lumayanlah. Oke,Positif,
"Makanan enak , harga relatif terjangkau , pelayanan baik, parkir mudah , area meja makan indoornya agak pengap dengan asap bakaran sebaiknya ditambah exhaust dan kipas angin.",Negatif,
"Menurut saya : Makanan enak, pelayanan bagus, cuma t4 nya perlu ditambah kipas angin /exhaust karna masih engap dan panas banget kalo didalam ruangan",Negatif,
"Enak,murah,gak amis,pegawai nya juga ramah bangettt recommended ð â¦",Positif,
cewek saya suka,Positif,
"Aku kirain seafoodnya yg ORI gt. Pesan cumi asam manis ternyata cuminya pakai tepung.
Pesan udang saus padang-nya jg gt, dipakein tepung dl. Pdhl  berharapnya â¦",Negatif,
"Enak, pelayan ramah dan cepat sekali jadinya. Suka saos padangnya. Hanya ikan lautnya agak alot. Sofar oke lah besok mampir lagi ð â¦",Negatif,
"Heboh bener dateng dan pulang disambut kayak di resto sushi, diteriakin seluruh pelayan. Punya menu ikan laut yang beda-beda tiap harinya. Ke sini pesen kepiting large, dapet kepiting bakau 2 ekor. Ga gede kepitingnya, tapi bumbu lada hitam enakk! Pesen udang goreng mentega dan kerang ijo saos padang juga mantab!",Negatif,
"salah satu resto seafood terbaik di jogja.
pelayanan cepat , makanan enak",Positif,
"Makanan enak, pelayanan jg oke",Positif,
"Menurutku masakannya terlalu maniss, tapi over all lumayan enakk, kalau kita lagi laperrrr masih oke lah, â¦",Negatif,
Lezat !!!,Positif,
Ikan laut parape nya ð â¦,Positif,
Bagus,Positif,
"Pertama kali makan di sini langsung jadi favorit ð¤¤ Pas datang hanya berdua jadi gak antri panjang langsung dapat tempat, pelayanannya juga cepat.
Pesan ikan, cumi, sayur kangkung, dan jamurâsemua enak ðð» Jamur telor asinnya sih juara, dibungkus dan dimakan besoknya masih kriuk ð«°ð» â¦",Positif,
Pelayanannya OK bgt,Negatif,
"Salah satu rekomendasi seafood di Jogja ð. Rasanya enak, harga masih cukup terjangkau, dan pelayanan top. Untuk tempat juga bersih, cuma kurang luas aja. â¦",Positif,
"Ga sengaja lewat gejayan liat lampu terang, ternyata zona seafood buka hari pertama ( sy sdh sering makan yg di jalan magelang ) dan ternyata sama2 juaraaa .. murah cepat enakk ðð â¦",Positif,
"Enakk! Keluarnya cepet, tempat juga bersih nyaman",Positif,
"Terletak di tepi jalan Gejayan sisi barat, tempat makan ini gampang ditemukan. Masakannya enak. Penyajian cepat. Staf ramah. Harga bersahabat. Tadi kami pesan cumi asam manis, dori lada hitam, bandeng tanpa duri saus Padang dan udang goreng. Udangnya krispi. Ada greeting dari semua staf untuk tamu yang datang dan pergi. Cukup unik",Positif,
"one of the best seafood place di jogja. pelayanannya ramah, walaupun lagi rame ga perlu nunggu lama. rasa seafoodnya fresh dan pas perpaduan gurih dan pedas. porsinya juga cukup banyak untuk range harga yg ditawarkan. rekomendasi menu ada di kangkung balacan, cumi saus asin, dan ikan bakar jimbaran.",Positif,
Makanannya enak.. yg jls pegawainy smw ramah. Baik saat berkomunikasi scr online maupun saat bertemu langsung. Selain itu pembeli diberi kesempatan u menyampaikan komentar ttg makanan yg sdh dipesan. .. Terima kasih.,Positif,
"Tertarik makan di sini karena liat review tempatnya bersih & makannya terlihat tasty. Pas datang disambut dengan para staff yg super ramah. Pesan terong telur asin, cah kangkung & udang asam manis. Untuk makan berdua ini porsinya kenyang â¦",Positif,
"Varian menunya macam-macam. Terenak adalah udang/cumi telur asin. Juaraaa!!! Menu lain yang pernah saya coba: saus padang b aja, saus mentega nope. â¦",Positif,
Overall enak yg buat kurang tempe telur asin masa banyakan terigu nya makan tempe or makan terigu???,Negatif,
Terimakasehhhhhh,Negatif,
"Gila sih ini, pelayanannya oke dengan ciri khas menyambut pelanggan ketika keluar masuk warung. Masakannya juga enak enak, porsinya gede, dapet bonus satu porsi masakan udang mungkin grgr kesalahan dr karyawannya. Tapi overall oke banget, â¦",Positif,
"Pelayanannya ramah, makanannya enak2 semua suka dn cocok pokoknya agenda kalow ke jogja hrs mampirðð â¦",Positif,
"Harga terjangkau, agak sulit di parkir sih
Rasa . Paling cocok sama sayur cah selada nya.
Enak bgt bumbu pas.. sayur fres â¦",Negatif,
"Lokasi strategis, persis di pinggir jalan.
Pelayanan gercep banget, mulai dari kasir, waiter/waitress, sampai ke juru masaknya. Di sana jumlah juru masaknya banyak, jadi pesenan bisa cepet diproses. â¦",Negatif,
"Pelayanan terbaik, waiting list 4 tapi gaada 10 menit udah dipanggil, selalu kaget kalo masuk apa bayar disini karna cara mereka menyambut benerbener unik, saos padangnyaa toppp! favorit",Positif,
"Terletak di sisi barat Jalan Affandi/Gejayan, tepat di selatan Jalan Cempaka. Restoran ini cukup besar, bersih, dan rapi; tetapi area parkirnya sangat sempit. Makanannya lezat dengan harga terjangkau, sehingga cocok untuk seluruh keluarga Anda. Semua ini akan membuat Anda ingin kembali lagi. Pertahankan pelayanannya yang ramah. . . . .",Positif,
"Enak poulll dan harganya masuk akal
Jam makan malem sampai antri gak karuan",Negatif,
"Rasa makananya enak, penyajiannya cepat, harganya juga tidak begitu mahal.., recomen deh untuk seafood lovers",Positif,
"Ramahhh semuaaaa mantaaapppp, masakan cepat jadinyaaa harga wort it lahh",Positif,
Enak bgt masakannya pelayanan ramah dan cepat ððð â¦,Positif,
"untuk rasa dan pelayanan cukup mengesankan, karena datang malam malam jadinya ramai sampai tidak kebagian tempat duduk, maklum karena hari pertama setelah lebaran, akhirnya memilih take away. kerangnya lumayan enak dan berasa, mungkin â¦",Positif,
"Pelayanan keren banget, setiap pengunjung dateng dan pulang selalu disorakin ""mari silahkan"" atau ""terimakasih"" (awalnya kaget dikit). Kompak banget tim-nya, semuanya cekatan ngelayanin pelanggan. Waktu dateng saya langsung dipayungi karena â¦",Positif,
Rasa lumayan harga pas,Positif,
"1. greeting ke customer mantep 2. pelayanan ramah 3. suasana sedikit berisik 4.Kami makan di sini dan memesan kepiting, udang asam manis, serta beberapa menu lainnya. Sayangnya, kepiting yang disajikan sangat mengecewakanâdagingnya kosong dan berbau tidak segar, menandakan bahwa kepiting sudah tidak layak konsumsi. Namun, tetap saja dijual.",Negatif,
"pelayanannya oke banget, waktu beli coba menu yg ikan bakar jimbaran enakk banget, bener2 top, cabenya gak pelit dan melimpah,
harga beneran sepadan sama rasanya",Positif,
Enak..murah,Positif,
"seru & enak terutama sambal ikan nya, tambahan nya perbanyak meja+kursi utk 2 rng atau 4 orng sj",Negatif,
Terbaikkm,Negatif,
Lokasinya yg strategis..harga terjangkau..variannya banyak,Positif,
Porsi besar mantaaap.. 1 porsi bisa untuk 2-4 org,Negatif,
"Zona Seafood memiliki beberapa cabang di Yogyakarta, dan saya mengunjungi cabang Gejayan di sore hari ketika mereka baru saja buka. Tempatnya cukup luas, bersih, dan terbuka, seperti cabang mereka yang lain, dengan banyak tempat duduk yang â¦",Positif,
"Soal Rasa Tidak Pernah Bohong..
Terimakasih ð â¦",Positif,
"Zona Seafood adalah restoran seafood yang sangat lezat! Saya suka dengan variasi menu seafood yang ditawarkan, dari ikan segar hingga kerang dan udang. Rasa makanan-nya sangat segar dan autentik. â¦",Positif,
"Makanannya datang dengan cepat! Rasa dan porsinya juga enak. Pelayanannya menarik, mereka menyapa setiap pelanggan ketika mereka tiba dan meninggalkan lokasi.",Positif,
Ini benar2 rasa bintang 5 harga kaki 5.  Ikan bakar parape dan cah kangkung terenak yang pernah dirasa.  Menu2 lain juga enak.  Harga menu ikan laut berkisar hanya 30-50rb-an. Pelayanan cukup sigap & cepat walaupun ramai pengunjung.  Salam â¦,Positif,
"Semua pelanggan disambut dengan meriah, membuat suasana hidup dan hangat.
Rasa istimewa, baik yang manis, gurih, maupun pedas. Saya mencoba kepiting saos mentega, kerang dara saos Padang, ikan laut bakar kecap, dan kangkung belacan. â¦",Positif,
"masakan enak, tempat bersih tp agak berminyak dan asap masuk ke tempat makan",Negatif,
Cepet pengerjannya,Positif,
"Pelayanannya cepat, tempat nya selalu ramai dan makanan nya enak banget ð â¦",Positif,
Enak rasanya banyak pilihannya,Positif,
"salah satu restoran makanan laut terbaik di kota!
mereka selalu meminta ulasan Anda sehingga mereka bisa berbuat lebih baik!",Positif,
"Besstttt bgt pelayanan nya, makanan nya cepet disajikan. Lumayan enak dengan harga segitu si",Positif,
"Tempatnya rame, rasanya  jujur b aja, tapi bolehlah sesekali cobain",Negatif,
"Kerenn bangett sekelas rumah makan kecil2an tp service nya oke bgt ngalahin yg udh intenational. untuk saus nya suka dibagian tumis kangkung sama cumi saos mentega, tp untuk kerang dara saos padangnya kurang suka terlalu asin, kerangna tp â¦",Negatif,
"Maa syaa Allaah pokoknya huhu
Makanannya enak
Pelayanannya ramah dan satset â¦",Positif,
"Jujur kalau untuk rasa menurut sy biasa aja (tp tergantung selera masing2 jg), tempatnya bersih, untuk harganya murah disini",Positif,
"Zona seafood masakannya ga ada yang gagal
Segala ikan yang dibumbu bakar jimbaran selalu enak, plus kangkung balacannya ga ada obat. Porsi besar, dijamin puas, plusnya harganya ramah di kantong.",Positif,
Enak bnget pelayanan memuaskan,Positif,
"Lagi jenguk adek di Jogja, diajakin makan di tempat makan ini,
Karena keluarga suka seafood semuanya,
Jadi milih ke tempat makan seafood terdekat dari kosan adekku, â¦",Positif,
"Pelayanan memuaskan, pegawainya ramah2 penyajian juga cepet banget rasa makanan juga enak harga masih termasuk terjangkau",Positif,
"Makanannya enakkk & sangat cepat keluarnya! I ate several menus and none of them is disappointing. Paling suka sama simping nyaaa!!! Garing so yum. Cumi lada hitam & udang telur asin nya juga enak bgt bgt. Walau aku & temanku sudah kekenyangan, tp tetap makanannya banyak karena enakð©â¤ï¸ Great job! â¦",Positif,
Menu banyak pilihan. Rasanya pas di lidah dan tidak pernah mengecewakan. Pelayanannya ramah.,Positif,
"Menunya enak enak, disambut petugas, joss pertahankan",Positif,
"Kesini pas bulan ramadhan. Buat yg mau bukber, aku saranin buat reservasi. Wktu kemrn reservasi buat jm 17.15 trs max harus dtng itu di jm 17.35 . Klo lewat jam 17.35 otomtis meja yg kita reservsi bkl dilempar ke cust lain dan kita jdi â¦",Negatif,
Rekomended buat pecinta seafoodð â¦,Positif,
"Makanan enak.
Tempat nyaman, strategis.
Hanya saja waktu ke sana toilet baru renovasi.
Pelayanan ramah dan cepat.",Positif,
"Enak, harga relatif.
Terbolong layanan cepat. Responsif",Positif,
"enak bgt, pelayanan cepet",Positif,
"Pilihan makananya beragam bener2 seafood  olahan ada dsiini, ada tempat outdoornya juga. Harga?? Worth it lahh mayaaannn. Sayangnya belum ada menu paketan jd harus pesen nasi sndiriii",Positif,
"Pelayaanan dan makanan sangat memuaskan sambutanya meriah buat tamu yg masuk maupun kluar, ,good joob guyss",Positif,
Mantap sekali ga kaleng2 enak semua sambel2nya bikin bergetar bibir. Top,Positif,
Mantap ikan bakar madunya ikan Barakuda..ðð â¦,Positif,
"Meriah dan rame , harga bersahabat rasa lumayan",Positif,
Luar biasa....,Positif,
"Seru.. Customer masuk & keluar disambut suara all staff..silakaaaaaaann... terimakasiiiihh.. Tempatnya lumayan luas, rasa masakan standart",Positif,
Harga dan kualitas sebanding...,Positif,
"Pelayanan ramah, makanan cukup enak, hanya saja semua di jual terpisah, sprti ayam bakar madu, yowes ayam bakar tok gk ada sambel + lalapan, jdi kalau mesen harus komplit nulisnya ayam, sambel, lalapan, nasi dan sebagainya. Cukup enak bisa laah jdi tmpt makan buat keluargaâï¸",Negatif,
"Bisa jadi alternatif resto keluarga. Semua usia bisa ikut makan. Aneka macam masakan seafoodnya bisa dipilih sesuai selera. Cobain deh ca romainenya, menu baru di resto. Sayangnya tempatnya agak panas krn jadi satu sama tempat masaknya. Tp overall oke kok, pilih bagian outdoor lebih sejuk sepertinya",Negatif,
Enak,Positif,
"Enakk makanannya sesuai dengan harga, crewnya juga ramah dan asik bangett, crewnya kompak jugaa",Positif,
"Varian seafoodnya termasuk lengkap dan fresh, ada ikan, cumi, udang, kepiting, dan kerang. Overall rasanya enak, tapi untuk selera saya pribadi, untuk menu cumi saos padangnya dan menu kerang simping saus padang lebih suka cumi dan kerang â¦",Negatif,
Top lah seafood nya segar2,Positif,
"Lokasi pinggir jalan Affandi (Gejayan), parkir terbatas.. kualitas menu enak.. penyajian cepat... service ok.
harga lumayan terjangkau, pembayaran belum ada EDC, hanya cash / transfer.. â¦",Negatif,
"Wooooo...mantap, makan seafood murah di jogja. Masakannya enak dan pengajian cepat serta bersih",Positif,
Mantapp kali seafoodnyaðð â¦,Negatif,
"Suasana hangat, nyaman dan bersih terasa saat memasuki resto ini.
Harga yg bersahabat, rasa makananya juga enak di lidah..
Tuk pencinta seafood pasti senang ke resto ini",Positif,
Langganan makan disini maupun lewat online tp sayang harganya per 2025 naik yaa tp gpp rasanya tetap enak dan fresh ð â¦,Negatif,
enak pilihan menu seafood lengkap,Positif,
Sambutan meriah,Positif,
"Harga terjangkau, rasa enak",Positif,
"Saya baru datang langsung terkejut, dengan serempak semua pegawai langsung memberikan salam selamat datangâº
Rasanya juga enak, rekomend untuk makan bersama keluarga atau teman"" ð â¦",Positif,
"Harga manusiawi, rasanya surgawi! ð â¦",Positif,
"Tempat makan seafood yang cukup terjangkau harganya, rasa juga enak, pelayanan ramah. Untuk menu ikan laut, jenis ikan sesuai dengan ketersediaan pada hari itu, jadi bisa berbeda setiap harinya. Cocok untuk makan malam bersama keluarga",Positif,
karyawannya ramah dan makanannya enak banget.baru pertama ini makan seafood se enak inið¥° â¦,Positif,
"Pegawainya ramah2, penyajianya oke dan kebersihan sangat dijaga. Bahkan tukang parkirnya juga sangat ramah. Salut",Positif,
Porsi makanan pas dan harga terjangkau. Pilihan makanan dan cara pengolahannya juga cukup banyak. Tempatnya ada yg indoor dan outdoor (di bagian belakang). Ada mushola dan toiletnya. Pegawai ramah,Positif,
Rasanya enak pelayanan cepat dan meriah,Positif,
Harganya terjangkau. Mas-mas pegawainya unik kalau ada pelanggan yang datang dan ketika udah selesai makan,Positif,
Mantab!!!,Positif,
Mantap buat Dinner malem enak bgtð¤¤ð¤¤ð¤¤ð¤¤ â¦,Positif,
Tumis kangkung harus cobain sih!!!!,Negatif,
"Baru pertama kali nyoba makan seafood ke Zona Seafood.
Pelayanannya ramah dan tanggap diucapkan selamat datang dan terimakasih serentak. â¦",Positif,
"Restoran ini benar-benar layak mendapatkannya. Pelayanannya luar biasa, sangat ramah, dan sangat cepat. Jika Anda mencari hidangan laut yang enak di Jogja, Anda harus pergi ke Zona Seafood. Restoran ini jelas bukan untuk mahasiswa karena â¦",Positif,
"Porsinya relatif sedikit, namun rasanya enak. Semua bumbunya meresap. Sambalnya sangat pedas, worth it buat dicoba (@6k). â¦",Positif,
Tempat luas dan pelayanan cepat. Rasanya enak dan harganya terjangkau.,Positif,
"Gag salah pilih tempat makan yg eneak, pelayanan kereeeeen!",Positif,
"buat mas mbak semuanya, semangat ya ð¤
zona seafood terbaik dan memuaskan â¦",Positif,
"seafood yang menurut saya enak, gak hambar full seasoning, bumbunya medok dan porsinya oke lah, sesuai dengan harga. dan untuk pelayanannya juga ga kalah ciamik, semua pegawainya ramahhð â¦",Positif,
Lumayan,Positif,
"Semua masakannya enak, pelayanan bintang 100â¨",Positif,
"Highlightnya di kebersihan, setelah pandemi jarang ketemu tempat makan yg pegawainya pake pake masker,  tempatnya bersih, harga terjangkau, rasanya enak...recommended",Positif,
"Saya tidak tahu harus berkata apa. Saya pesan udang goreng telur asin dan ikan kerapu bakar sambal parape, rasanya enak. Dan stafnya, semua personelnya memakai masker ganda. Saya merasa aman makan di sana. Juga harganya sangat terjangkau.",Positif,
"Datang kesini anda akan disambut dengan teriakan âSelamat Datang!â oleh para karyawannya! Keunikan dalam cara branding makanan Sea Food ini tidak berhenti disitu saja, makanan seafood yang enak dan murah dapat kamu temui disini. Selain â¦",Positif,
Pertama kali masuk langsung disambut dengan hangat oleh mba kasir dan koki koki disana dengan sangat meriah... â¦,Positif,
"QRIS â
makanannya enak, porsinya cukup, waktu penyajiannya cepat, dan layanan pelanggannya ramah â¦",Positif,
"Penyajian cepat. Makanan nikmat. Menu opsinya banyak. SOP pelayanannya keren banget. Ramahnya juara. Wajar rame terus. Sangat direkomendasikan ðð»ðð»ðð»ðð»ðð»ðð» Senang sesekali ke Jogja, tetapi nemu tempat makan nyaman dan enak gini. â¦",Positif,
"Tempatnya bersih nyaman,, menunya enak",Positif,
Masakan nya cocok untuk keluarga,Positif,
"Penasaran karna kalo lewat pasti rame.
awal masuk disambut semua crew dr fronline sampe yg di dapur.
pesen kepiting saus padang pilih yg sedang takut zonk ternyata nyesel kenapa ga â¦",Negatif,
"Sangat suka pelayanannya, walau rame tapi tetep ramah dan sabar ððð â¦",Positif,
Baik sekali,Positif,
"Pertama kali datang, saya kaget di sambut semua crew, tp unik, rasa ok, pelayanan, saaangat bagus, sendok garpu di sterilkan, wajib di coba",Negatif,
Pengalaman menyenangkan dengan makanan enak.. menu telur asin adalah yang terbaik.. tapi kamu butuh nasi untuk memakannya..,Positif,
"Untuk rasa bisa diadu lah termasuk ke dalam âdiatas rata2â jadi pntes rame
Saran aja kalo pilih menu yg ada pilihan size better pilih yg size besar, kalo yg sedang nanggung banget apalagi kepiting kurang gitu kalo pesen yang sedang, â¦",Negatif,
enak dan murah,Positif,
"Manteb bgt pelayananya.
Dari greetings sampe payment flownya mudah diikuti.
Serving time cepet bgt gasampe 10 menit semua makanan udh keluar dan semuanya fresh.",Positif,
"Menu wajib yang harus dipesen disini Ikan bakar parape, kangkung terus sama cumi telor asin ð â¦",Negatif,
Resto seafood terbaik dijogjaðððð â¦,Positif,
Lumayanlah..cm berisik sama karyawannya.,Negatif,
"Zona Seafood Jogja menawarkan pengalaman bersantap yang unik. Saat Anda datang dan pergi, seluruh staf dapur akan menyambut Anda dengan semangat khas mereka yang ceria, energik, dan tak terlupakan. â¦",Positif,
"Pertama kali makan disini, nunggunya lama banget karena ada kendala teknis kata mas2nya, tapi Alhamdulillah dikasi diskon 50%, mas2nya baik dan  sopan lagi âºï¸ jadi yang awalnya kesel jadi luluh ðð sukses terus ya usaha. â¦",Negatif,
"Makanan rata"" enak semua, porsi sedang sesuai harga, pelayanan gercep, makan cepat keluar padahal tempatnya super ramai.
Saran saya dapur dibuat sekat kaca, agar kita makan tetap nyaman tidak terganggu asap masakan, exhaust fan kalau bisa yg besar agar asap bisa buang ke atas atau keluar",Positif,
"Sekedar berbagi masukan aja, krna ga disediakan nomor tlp di restonya untuk kritik dan saran jadi cuma bsa nulis disni.
Hal paling berkesan nya adlh semua pelayan dan kryawan kompak bgt. Bru di luar â¦",Negatif,
Salah satu zona seafood yg enak dr pda t4 lain,Positif,
Nyam Nyam Nyami..ð¤£ð¤£ð¤£ â¦,Negatif,
Ini recommended pokoknya kalo ke yogya sy selalu mampir sini harga bersahabat rasane wuenakkkk ðð â¦,Positif,
Terharu kesini tuuhh pelayanannya sangat ramahh kita br datang sudah di sambut dengan ucapan dan senyuman ðð makanan enak fress nii salah satu warung langganan kita rekomended ðð¤© â¦,Positif,
"enak dan porsinya besar, pastikan beneran sedang lapar kalo ke sini.",Positif,
"Menu menarik, Rasa enak, Harga murah.",Positif,
"Tempatnya lumayan luas ada indoor outdoor, parkinya kalau mobil agak makan jalanan dikit, makanannya enak pelayanan juga ramaahh sekali.",Positif,
"Luar Biasa, restoran yang sederhana tapi Bintang 5 ð â¦",Positif,
Ikan bakarnya enakk,Negatif,
"Untuk kesekian kalinya, bener-bener dah ga ada kapoknya makan di zona seafood! Khususnya di outlet gejayan ini.. â¦",Positif,
Enakk.... Terjangkau,Positif,
ikan bakarnya mantab,Negatif,
"Udang telur asinnya juara âï¸âï¸
Ikan bakar kalo saya recomend yg parape joss banget âï¸âï¸
mantepp zona seafood gejayan",Positif,
"Terletak di daerah gejayan, dekat waroeng steak.. tempatnya ada indoor dan outdoor.. ada fasilitas toilet, wastafeldan mushola.. dapur dibagian depan.. kadang asapnya suka kena seluruh ruangan.. makanannya enak semua.. gak ada yang gagal.. â¦",Negatif,
Menawarkan menu lezat dengan harga terjangkau. Stafnya ramah dan melayani tamu dengan sangat baik. ð â¦,Positif,
"Restoran yang menyediakan menu seafood di daerah Gejayan. Tempatnya cukup luas dan banyak variasi menu yang disediakan. Ada ikan, kepiting, cumi, udang, ayam, dll. Lobster belum ada",Positif,
Jogja tetap istimewa dan tempatnya ckasik pelayanan oke masakanya juga enak banget,Positif,
Good enak..,Positif,
"pas mau masuk di sambut hangat, langsung diarahkan sama kasir.. pokoknya pelayanan OK banget.. untuk rasa jga enak... pas di lidah, paling suka sama bebakarannya & saus asam manis...",Negatif,
"Enak, bebek bakar dengan cita rasa tradisional.",Positif,
"Makanannya enak, harga terjangkau. Pelayanan juga cepat dan ramah",Positif,
Masakanya enakk hanya tempat panas,Negatif,
"harga standar, kualitas kereen banyak pilihaaannððð â¦",Positif,
"Rasa masakan top, cepat pelayanan dan penyajiannya.. untuk harga siip dah",Positif,
"Setiap datang dan keluar di sambut secara serempak oleh seluruh pegawai , menarik dan unik",Positif,
"Masakan enak. Cocok buat keluarga.
Makan berdua kisaran 100ribuan. â¦",Positif,
Masakan nya enak...Pelayanan nya cepat..parkir agak susah karena resto nya pas pingir jalan..,Negatif,
"Bagi pecinta seafood atau yang sedang ingin menikmati hidangan laut, tempat ini bisa jadi pilihan yang tepat! Menunya sangat beragam, dengan harga yang masih terjangkau dan rasa yang benar-benar menggugah selera. Pelayanannya juga luar â¦",Positif,
"Paling lama 20 menit itu pun pas waiting list...
Makanannya enak dan tidak mengecewakan...",Positif,
"Rekomendasi Rumah makan seafood ditengah kota jogja, harga terjangkau dengan rasa dan pelayanan yang memuasakanðð»ðð»ðð» â¦",Positif,
"Selamat datang!
Terimakasih!",Negatif,
"Pelayanannya bagus banget dan sopan, makannny jg enak",Positif,
"Selain bisa makan seafood yahud, ada spot foto yang juga yahud, lumayan bisa buat update story ð â¦",Positif,
zona seafood boleh spill sambel jahanam nyaa gakk??! ENAKKKK BANGETTTT PLSS MAU SAMBELLLNYAAA ð­ð­ð­ð­ â¦,Negatif,
"Makanannya enak, sesuai dengan harganya.
Kami tidak bisa memilih jenis ikan untuk menu ikan laut, tapi rasanya enak dan segar.
Pasti akan kembali lagi.",Positif,
Harga terjangkau rasa enak.,Positif,
"Makanannya enak. Tidak hanya seafood, capcay pun ada disini.
Harganya pun bersahabat, kerang mulai Rp. 12 k aja.",Negatif,
"Masakan Restaurant, harga ekonomis, cocok buat anak Kost, buat pasangan sangat recommend",Positif,
Kalo k jogja wajib kesini .pelayanan best bintang 5.Rasa aneka masakan dsni smua enak.hrga sgt wortid dikantong,Positif,
"Lezat, harga terjangkau dan banyak pilihan menu, the best!",Positif,
Pelayaan bagus semua karyawan ramah. Makanan senak tidak mengecewakan,Positif,
Cukup enak ð â¦,Negatif,
"First impression masuk keren sih disambut sama staffnya.

Pesan ikan bakar laut sedang parape dan jimbaran rasanya enak (untuk ikan sedang â¦",Positif,
"pertama kali kesini,, enak ni dori nya,, tempat bersih, luas,, cepat,, pelayanan ramah,, komunikatif",Positif,
"Top
Juooss
Terbaik
Tak ada duanya ðð â¦",Positif,
"Enak, menunya beragam. Cah kangkungnya gurih & ada rasa seafoodnya. Cumi goreng menteganya mantab, tp keliatannya lbh pas kalau sausnya terpisah aja. Ikan lautnya tiap hari ganti, tergantung ketersediaan. Saya dapat ikan barakuda dgn saus â¦",Positif,
"enak-enak banget makanannya, beneran puas banget sama rasanya. pertama kali kesini krn liat review di google yang lumayan bagus ternyata emang worth to try!! di foto ayam goreng mentega, udang lada hitam, kerang hijau saus padang dan semuanya enaakk!!! definitely will come back agaiiin!ð¥¹ â¦",Positif,
"Pelayanan bagus, makanan keluar sangat cepat dan enak",Positif,
"Tempat nya bersih, cepet banget pelayanan nya, harga juga murah pas lah dengan porsinya, telur asin nya aku sukakkkkkkkkk !!!",Positif,
"Hidangan lautnya enak!
Harga terjangkau!
Bersih! â¦",Positif,
"Pelayanannya ramah & unik klo baru pertama kali datang pasti kaget dgn ucapan selamat datang seluruh karyawan nya ,semua menu enak ,harga ramah di kantong juga yg pasti toplah,recomendedðð»ðð»ðð»ðð»ð â¦",Positif,
Rame sekali enak masakan nya,Positif,
Rasa enak,Positif,
Lodehnya sueger,Negatif,
"Ini adalah restoran seafood yang pelayananya paling oke di Yogyakarta, respect banget sama pelayananya. Soal rasa juga enak, favoritnya disini makan udang saus mentega. Btw ini dari segi manajemenya juga oke sih, keren SOPnya, sangat membuat customer nyaman. Good job",Positif,
"Ga sengaja mampir makan. Pilihan menunya banyak sekali, harga terjangkau dan lumayan enak.. pelayanan sangat ramah khas jogja, lumayan cepat hidangan disajikan. Tempat lumayan luas akan tetapi parkiran untuk mobil blum memadai.",Positif,
"Makanan nya enak2, porsi nasinya juga banyak. Ketika dateng langsung di sambut meriah sama para koki nya wkwk. Pokoknya rekomen deh. Harganya sesuai sm rasa dan porsinya",Positif,
"Harga, pelayanan, penyajian sangat worth it, semoga tetap konsisten. Bisa direkomendasikan ke kerabat atau sodara ðð½ â¦",Positif,
"Harga standar, rasa enak, tempat lumayan nyaman ðð»ðð»ð â¦",Positif,
"Kalau lagi pengin makan seafood, larinya ya ke sini ð â¦",Positif,
"harga terjangkau,mantapp,enakkk dan nambah lagi....",Positif,
"Semua zona seafood pelayanannya bagus, ga ada pengecualian. Semua ramah, makanannya sama enaknya meskipun beda cabang. Keren sih.",Positif,
"Kesini pas jam 9 malem keknya, ketika muter"" cari makan blm nemu"". Akhirnya ga sengaja niat kesini. â¦",Positif,
"Ini crazy sih tmptnya.. Harga murah, rasanya mantapppp...",Positif,
Pekerjanya ramah & makanan gak nyampai 5menit sudah jadi! ',Negatif,
"Makanan enak,suasana juga nyaman",Positif,
"Menyenangkan, semua masakan yg saya order mempunyai rasa yanh nikmat, tapi tempat cukup berasap semoga sukses yaa",Negatif,
Harga dan rasa sesuai bgt puas pokoknya,Positif,
"ya ampun enak sih ini daripada harus jauh jauh ke pantai , rekomendasi sekali buat kalian yg mau makan seafood dg harga terjangkau rasa hintang 5 . MANTAPPP",Positif,
"Rasa makanan sih lumayan , cuman kerang nya kurang fresh. Yg sy suka disini adalah sambutan  dr seluruh staff saat kita datang dan setelah bayar. Rame dan seru banget dengernyað â¦",Negatif,
"Waktu memasak cepat, tidak menunggu lama",Positif,
"Makanannya enak, murah lagi. Top deh. Harga kaki lima rasa bintang lima. ðð¼ â¦",Positif,
Nyam nyam enakkkk,Negatif,
"Untuk rasa makananan menurut ku bersih ya enak. Juaranya disini tuh pelayanannya sopan + cepet, di meja pun lengkap ada tisu, asbak, lilin buat lalat. Harga ya standar harga seafood area gejayan yah, mungkin minusnya parkir mobil harus di samping jalan Gejayan yang se rame itu.",Negatif,
Lived up the hype. But i've had better in term of taste (a.k.a. W***ng Y**to ð). Great service tho. â¦,Negatif,
Resto seafood yang enak dan pas harga dikantong. Selalu ramai kalao makan disini. Menu favorit ikan bakar parape dan ikan dori goreng. Pelayanan juga ramah.  best money for value,Positif,
Mantab,Positif,
Kaget dengan udang bakar madunya dan ikan bakar jimbaran ternyata enak bgt dan fresh. Buat cuminya lada hitamnya porsinya banyak. Buat seafood rasa seperti ini di zona seafood bisa murah. ð¤¤ð¤©ð¤© di restoran lain harganya selangit. Pelayanannya juga cepat â¦,Positif,
"Segala macam menu sea food ada disini, layanan sajian cepat,  rasa mantap.....ð Harga terjangkau â¦",Positif,
Seafood nya enak ngga amis.,Negatif,
"Konsepnya bagus, masakan enak cocok bgt di lidah ð¤¤.. Outdoornya favorite,, pelayanan memuaskan, bersih, ramah, kompak bgt klo menyapa ada tamu datangð¥³, apalagi Bandeng bakar bumbu parapenya ð pengen makan terus tiap hari  ððð â¦",Positif,
Ini enak banget salted eggnya!!!! Semuanya enak!,Positif,
"Pelayanan cepat, makanan enak.",Positif,
"Okeee gk kalah sama seafood tempat mahal. Serviceee excellen sekali. Tiap dateng dan tiap pulang selalu kasi selamat. Cepet bgt sevice makannya, masakan okee, recomend udang bakar maduu",Positif,
Good service.. Standar pelayanannya keren sih,Positif,
Enak dan terjangkau,Positif,
Mayan lah...,Negatif,
PELAYANANNYA BAGUS,Positif,
JOS JIS SEMUANYA!!! disetujui,Positif,
Ramai terus... Pelayanan cepat dan ramah... Makanan juga enak... Terima kasih.,Positif,
"Makanan enak semua, harga sepadan, pelayanan satset, tempat bersih, bapak parkir helpful.",Positif,
Menu makanannya sungguh enak. Tempat bersih. Pelayan ramah. Harga sesuai dengan kualitas menu. Recommended bagi yang ingin makan seafood di Jogja.,Positif,
Ciri khas pengucapakan salam/terimakasih serentak semua karyawan sampai koki secara bersamaan,Negatif,
Mantab pelayanan cepat dan ramah sekali... Rasanya juga mantulll. Penyambutan tamu yang sangat kompak ð â¦,Positif,
"Tempat bersih, nyaman, gambar2 disukai anak2, banyak opsi rasa, variasi bahan, sayurnya cocok;",Positif,
"Zona seafood salah satu rekomendasi para pecinta makanan laut, menu makanan bervariasi, pelayanan staff sangat baik. â¦",Positif,
Makanan enak dan harga terjangkau sekali,Positif,
Nyaman asri,Positif,
Makanannya enak.......recommend banget dah pokoknya...,Positif,
"Prokes,bersih",Positif,
"pelayanan sangat prima dan prokesnya mantap.
sendok garpu yg digunakan untuk makan dimasukan ke dalam gelas berisi air panas. â¦",Positif,
Rasa mak nyuss mantul...,Positif,
Mantap buat yg suka makan seafood tapi gak ada waktu buat jalan ke pinggir laut,Positif,
Menunya lengkap dan bumbunya berasa bngt,Positif,
berkali-kali ke zona seafood mau dine in mau take away kalo bingung mau makan udh paling bener kesini menunya gaada yg gagal,Positif,
"menu lengkap, pelayanan cepat, tp tempat kurang nyaman",Positif,
"Makanannya enak sekali dn cepat, bisa bayar pakai qris",Positif,
"Pelayanannya mantep banget, keluar mobil pas hujan, padahal berhenti di sebelah toko/warung nya dan ngga tentu juga kan gue bakal ke ini toko/warung, tapi langsung disodorin payung... Keren keren â¦",Positif,
"Rekomended sih..masakannya enak-enak, karyawannya ramah-ramah semua, tempatnya juga strategis mudah dijangkau. Pas dateng disambut semua karyawan, pas pulang juga dapet ucapan terima kasih dari semua karyawan..jd berasa ky di Jepang ð menu â¦",Positif,
"Pelayanan cepat, ramah. Makanannya juga juara â¨ï¸",Positif,
Greatingnya oke banget ..,Positif,
"Enakkk semuaaaa!!!! apalagi kangkung belacan nya rasanya nendang, bumbunya ngga nanggung2. Udah 3 kali kesini selalu nagihhh ððð¯ â¦",Negatif,
no coment semuanya perfect,Positif,
"Rekomendasi makan seafood bersama keluarga dan kerabat, porsinya pas rasanya enak penyajiannya juga cepat. Worth it sekali..",Positif,
"Pelayanan sopan, makanan cepat dimasak dan tentunya enak semuaâ¦
Pengalaman makan yang menyenangkan..",Positif,
enaaak ðð»â¨ affordable dannlayak untuk di repeat order â¦,Negatif,
"Pelayanan cepat dan ramah, makanan enak, kebersihan terjaga",Positif,
enak dan murah...,Positif,
"Mantapp semua dari pelayanan yg ramah dan cekatan, makanan yang di hidangkan jg fresh dan cepat, recommended banget buat yg nyari seafood dengan harga yg pas",Positif,
Dr awal udah disambut greeting selamat datang dari para karyawannya dgn sangat meriahhh. Mantapp ð¥ð¥ð¤£ â¦,Positif,
"Banyak ragam masakan seafood enak dengan harga yang worth it. Pelayanan ramah sekalii ðtersedia juga toilet dan mushola. Akses mudah lokasi di pinggir jalan, parkir mobil dan motor tersedia. â¦",Negatif,
"Harganya terbaik! Stafnya ramah! Makanannya luar biasa lezat! Tapi, susah cari tempat parkir ð Sangat direkomendasikan untuk makan hidangan laut di tengah kota. â¦",Positif,
"Cabang dari jalan magelangðð,tempat nyaman luas bersih masakan juga mantap..ada mushola jugað â¦",Positif,
Rekomendasi makan seafood dgn harga terjangkau. Enak sih menurut saya dan harganya terjangkau sekali.,Positif,
"the best banget buat pelayanannya ++++
makanan juga rekomend sekalið¤© â¦",Positif,
Enakkk pokonyaaa harus kesini sihh,Positif,
"Rekomendasi seafood terenak, masakan nya enak, harga terjangkau, pelayanan nya GOOD, cuma tempat nya kurang bersahabat buat anakÂ²
Antara smoking area sama no smoking nggak ada batasannya, yg no smoking kena asap masakan, mungkin lebih diperhatikan lagi untuk tempatnya. Biar nyaman.",Negatif,
Favorit ð â¦,Positif,
Mantap,Positif,
Akhirnya kesampean juga pesen makan disini via grabfood krn tiap lewat selalu rame dan emg worth it sii kalo rame soalnya emang seenak itu â¦,Positif,
"Kalo pengen makan seafood pasti kesini, enak & worth it. Nasinya juga selalu pulen, semua staf ramah",Positif,
"tempat bersih, wlpun rame tapi masakan cepet, rata"" yg di masak sama cuma heda seafood doang, di sini ga ada nasi goreng sama yg berkuah. segitu habis 104rb rekomen yg bumbu telur asin",Negatif,
"Makanannya termasuk enak, harganya relatif murah.
Rekomendasi sekali jika ingin mencari tempat makan seafood yg terjangkau harganya dan enak.",Positif,
Terbaik banget kalau lagi pengen seafood.  Lokasinya Deket banget sama kost. Menu kerang enak banget. Harus Dine in. Pelayanan top.,Positif,
Price to value & price to taste cukup recommend.,Positif,
"enak, porsinya pas, gak dikit",Negatif,
"Pelayanan ramah,cepat, makanan pas di lidah dan lmyan di kantong, terkesan dgn teriakan pelayanannya saat kita datang dan pulang ð,recommended â¦",Positif,
"Enak,lezat,harga terjangkau",Positif,
rasa tidak pernah bohong,Positif,
"makanannya sedep , porsinya lumayan dengan harga yang tidak terlalu mahal ðð , jadi bisa pilih banyak menu jika datang ber 4-5 orang , bisa icip2 banyak rasa dari menu2 yang berbeda , tempat nyaman cuman sedikit berbau asap makanan kalau â¦",Negatif,
Pelayanan ramah dan cepat dapat sambutan hangat dari seluruh crew recomend pokoknyað â¦,Positif,
"Pas cobain kesini pas libur lebaran.. alhasil ramaiii nya minta ampun.. tapi salut dgn pelayan nya, meskipun ramai dapat terlayani dgn baik sekali..
Pelayanan jg cepat dan ramah.. â¦",Positif,
"Seafood lengkap harga wajar porsi termasuk bagus suasana bagus, sambutan pegawai meriah dengan ucapan selamat datang dan terima kasih kompak bersamaan. Suasana jadi khas. Mantab",Positif,
Rasa enak harga ramah kantong,Positif,
"Datang malam minggu dan tempatnya full. Pelayanannya ramah, makanan keluarnya cepat, rasanya enak. Harga ya standar gak murah dan gak mahal juga. Cocok untuk yg pengen makan seafood enak dan gak lama nunggunya.",Positif,
"Sumpah ini enak, pelayanan juga sangat ramah
Saya kesini malam lebaran kemarin, posisi meja penuh semua, sempat waiting list sebentar â¦",Positif,
"Pelayanan cepat, rasa sudah tidak perlu diragukan lagi. Variatif tp rasa semua juara.",Positif,
"Enak dan ramah, selamat datang",Negatif,
"enak banget sumpah , rekomended buat pecinta seafood yang pas baru di jogja ,tempatnya nyaman pelayanannya cepat dan karyawannya ramah. Sukakkkkkð«¶ð» â¦",Positif,
"Tadi malam mampir ke zona seafood cabang gejayan, makanan dan pelayananya mantappp",Positif,
"Kemaren borong karena laper bgt pesen udang, cumi, kangkung, kerang ijo, sama nasi 3 buat 2 orang. Bumbunya enak kerasa bgt, harganya murah, pelayanan baik dan makanan dateng cepet. Nice work!",Positif,
"makanan mantap tidak murahan untuk harga yang terbilang murah..pelayanan paling juara, cepat, ramah dan selalu semangat menyapa..",Positif,
"Pelayanan adalah nomor 1..
Ya, inilah yang menjadi alasan saya memberikan bintang 5.
Pelayanan meliputi keramahan, kebersihan, dan kecepatan dalam service kepada â¦",Positif,
"ENAK BANGET! seafood nya fresh, sambel nya pedes mantulð¤ð¼
untuk pedas lovers, wajib mampir, honestly one of the best seafood iâve had so far in Jogjaðð» â¦",Positif,
"Murah enak, porsi mantap, pelayanan ramah",Positif,
"Udah 3x makan di zona seafood gejayan, selalu puas dengan rasa makanan, pelayanan, dan cocok dengan harganya. â¦",Positif,
masakan nya enak... porsinya gak pelit,Positif,
"Makanan enak dan cukup lengkap tapi rada oily memang bumbunya. Kalo taste favorit yang telur asin sama menu ikan bakar. Harga makanan menyesuaikan ada mulai dari belasan ribu. Vibenya ya rumah makan yaa yang aromanya semerbak se ruangan hehehe. Pelayanan ramah dan pasti disambut selamat datang dan terima kasih, mantap.",Positif,
Mantab...layanan online ga nunggu lama,Negatif,
"worth it nih.. jgn ragu klo nyari menu seafood...

Tanpa mikir panjang bintang 5.. â¦",Positif,
"Pelayanan Bagus,Karyawan kompak, makanan nya juga enak pas",Positif,
"Pantes ramai terus, pelayanan unik juga. Makanan enak, harga masih aman, pilihan menunya lumayan lengkap,
Fasilitas toilet, musolah sangat berguna. Hanya lokasi parkir saja yang masih menggunakan  jalan raya sehingga sangat mengganggu lalu lintas,",Negatif,
"Pertama kalinya kesini dan kami cuma bisa bilang.... ""Rekomendid"" ð semua yg kami pesan rasanya wwwaaarrr biasa. Masuk ke dalam tuh vibesnya positif banget,, disambut dengan teriakan hangat para staff kitchen ð semua yg di kitchen ON â¦",Negatif,
Saya senang di sana pelayanan sungguh ramah. Beberapa hari yang lalu saya berbuka puasa di sana. Saya juga senang krn ada mushola yang bisa digunakan untuk sholat 4-5 orang. â¦,Negatif,
"Mari silakan,, sambutan yg meriah beutttttð¤©ð¤©ð¤©ð¤©,,
Baru Pertama kali ke zona seafood sudah gini sambutan yg sangat istimewa, dari awal datang sampai pulang pun meriah parah,, â¦",Positif,
"I rated 9.5/10 karena pelayanannya ramah dan masaknya cepet juga walau rame, tempatnya bersih, dan masakannya enak semuað­ bener2 seenak itu apalagi saus salted egg sama cah kangkungnyað¥¹ â¦",Positif,
"Makanan nya enak, dan pelayanannya ramah bgttt recomen buat makan seafood di jogja",Positif,
"Pelayanan ramah, makanan enak",Positif,
Bagus buat stay cation,Positif,
"Enak,murah,pelayanan cepat,tempat bersih,pokoknya rekomended bangettt ðððð â¦",Positif,
"Semua masakannya hampir ga ada yg ngga enak, untuk makan rame rame sangat direkomendasikan!!",Positif,
"ni makanan terenak yg baru ak rasain .. cumi asam manis, udang asam manis.. ketagihan makan di sini.. enak banget gila.. ini untuk rasa tak kasih rating 11 out of 10.. atau cocok nya bintang 6 lah..  ð ððð â¦",Negatif,
"Tempatnya bersih, makanannya enak dan murah",Positif,
"Harga bersahabat, pelayanan cepat dan ramah",Positif,
"First time datang kesini. Nemu videonya di tiktok. Lucu banget dapat sambutan meriah dari karyawannyað­. Pelayannya juga ramah pake banget, murah senyum walaupun pake masker kelihatan bgt kalau lagi senyumin kita. Nunggu makanan gk lama â¦",Positif,
"mknan enak murah, dan yg bikin asik karyawannya kompak,  mantep bgt pokoknya",Positif,
Tumis Kangkung terenak di dunia,Negatif,
"Makanan nya Enak dan Lezat Ulala... Sekali...
Seafood dan Ikan nya selalu Fresh",Positif,
Kalo ke jogja ga pernah skip ke sini buat makan seafood murah dan gurame bakar madu yang endulita,Positif,
"Sangat suka dengan masakannya, rasanya enak. Favorit saya cumi saus telur asin. Rasanya muantap",Positif,
"Sumpah Nagih banget,karyawannya ramah,Pelayananya Cepat,Rasa makanan enakð â¦",Positif,
"Tempat nya luas ,,dan staf nya ramah ramah ,,makanan nya pun juga enak enak ,,pokok nya mantep ,,ððð â¦",Positif,
Harga relatif murah dibanding warung makan seafood lain. Makanannya enak. Tempatnya nyaman dan agak ramai,Positif,
Pelayanan dan rasa masakan yang memuaskan,Positif,
Salah satu makanan laut terbaik di kota. Sangat lezat. Stafnya sangat ramah. Waktu penyajiannya tidak terlalu lama bahkan di jam sibuk. Saya merekomendasikan telur asin. Makanan lautnya empuk dan porsi makanannya biasa saja.,Positif,
"Tempatnya cukup nyaman, makanannya enak dan pelayanannya cepat",Positif,
"Pelayanan cepat,",Positif,
"Porsi makanannya besar, tapi rasanya lumayan
Rekomendasi",Positif,
"Zona Seafood Gejayan ini tempat lumayan luas dan ada bagian outdoor di belakang. Cocok untuk makan bersama teman ataupun keluarga. Rasa masakannya disini enak cuma porsinya kurang hehe, harga terjangkau di kantong. Pelayanannya baik dan ramah. Pembayaran bisa cash atau menggunakan debit. Buka mulai jam 3an sore.",Positif,
Ini Mantapppp masakannya gaesss,Positif,
Oke gas,Positif,
"servicenya keren disapa ketika datang, responsif, penyajian cepat walaupun relatif rame, dan menunya enak semua ðð â¦",Positif,
"Seafood lengkap, enak, cepet, murahð¤¤

Minggu lalu ke sini habis magrib dan pengunjung lumayan sepi. Tempatnya bersih â¦",Positif,
"Lumayan, harga murah, cepet banget masaknya. Kirain bakalan lama karena ramai. Pegawainya ramah ð â¦",Positif,
"Tempat bersih, suasana nyaman dan makanannya cukup lumayan enak dengan porsi cukup
Teamwork restoran bagus sekali, ramah â¦",Positif,
"Kemarin kesini. Pertama datang di sambut teriakan selamat datang, kompak mas2 yang masak di komandoi mbak2 kasir. Begitupun dengan pulang nyað tempat nya enak. Makanan nya juga enak semua. Perporsi nya pun banyak. Begitu juga dengan nasi â¦",Positif,
Porsi berdua yg sangat amat mengenyangkanð¤©ðð» â¦,Positif,
Zona seafood selau enak masakannya dan bersih harga juga murah,Positif,
"Makananya enak enak, yang suka sefood wajib cobainðð â¦",Positif,
"Sambutan yang sangat bagus dan kompak
Makananya enak, cepat dan sedok garpunya diseteril dulu sebelum digunakanð
Tempat nyaman bersih â¦",Positif,
"Pelayanan ramah , makan datang dengan cepat dan enak enak,  semua karyawan nya kompak. Best pokoknya bisa jadi langganan buat yang mau cari seafood di Jogja.",Positif,
"Makanan seafood ter enak di jogja,persis semboyan jogja,rasanya istimewað¤ â¦",Positif,
"Dateng kesini karna recommend dari temen dan ternyata memuaskan sekaliiii.
Baru dateng udah disambut kompak teriakan 'Mari Silakan' dari para karyawan, yang jujur kaget banget sii ð â¦",Positif,
"Pesan kepiting lada hitam, tumis kangkung dan kerang saus mentega. Lada hitam enak, hanya perlu dikurangi minyaknya
Tumisnya juga enak â¦",Negatif,
"Mantap nunggunya gak pake lama...pelayanannya super cepat dan responsif.
Harga dan rasanya oke banget...mantap dah pokok'e...ora nyesel jauh jauh dari Balikpapan.",Positif,
"Order masuk,otomatis langsung dibuat...beberapa kali dpt order sini gak pernah nunggu lama...kadang driver dateng orderan dah siap anterð â¦",Negatif,
Nyaman relatif murah. Enak2 makanannya,Positif,
"Pertama x coba gk mengecewakan.
Makannya juga enak apalagi cumi tepung nya heheheheh
Harga juga terjangkau.",Positif,
ENA ENA,Negatif,
"Menunya enak,, terong asin wajib di pesan, harganya sesuai kantong ya",Negatif,
Rekomended buat nyeafood,Positif,
"Makanannya enak2. Harganya juga sebanding sama makanannya sih, ga terlalu mahal kok.
Tapiii, Dulu outdoor disini tu sejuk bgt angin bisa masuk, setelah di kasih atap kok jadi gerah ya. Sama keknya gampang kena asep & bikin mata agak sepet",Negatif,
"Salah satu pengalaman makan seafood yang menyenangkan. Pelayanan sangat bagus, tempatnya bersih. Hanya saja untuk rasa makanannya agak kurang nendang sedikit.",Negatif,
Menu bumbu telor asinnya di benerin deh..gak berasa,Negatif,
Karyawan ramah .ruang tunggu pengap asap masakan bikin bersin,Negatif,
Ini adalah resto makanan laut yang enak dengan berbagai menu dan layanan cepat,Positif,
Porsi banyak bisa buat berdua dan bumbunya nendang pol beda dari seafoodan lainnya.,Negatif,
"MAKANANNYA ENAKKKK SEMUAAð¥°
Yang aku pesen sih enak, parkir lumayan ribet kalo bawa mobil.
Tempat enakan yg outdoor kalo yg deket dapur engap bgt. â¦",Negatif,
"Pengalaman yang menyenangkan! Semua staf ramah dan bersemangat saat menyapa setiap pelanggan. Minuman dan makanan disajikan dengan cepat, meskipun pesanannya banyak sekali. Dan yang terpenting -- makanannya gurih, kami pasti akan kembali. Kerja bagus @zonaseafood",Positif,
Seafood enak di Gejayan. Must try it!,Positif,
Enak dan pelayan mantap,Positif,
"Rasa oke, pelayanan toppppp, ga pake lama utk makan/minumðð¾ðð¾ â¦",Positif,
Pelayanan dan rasa makanannya sangat memuaskan. Pelayanan prima,Positif,
Makanannya enak semua. Maju terus zona seafood,Positif,
"Murah, Fresh, Enak.. Yang paling berkesan pegawainya ngasih vibe yang ramaaaah banget.. Jadi semangat..",Positif,
Gas gas kesini terus,Negatif,
Walau tempat sederhana tapi pelayanan cepat bersahabat harga tidak mahal dan semua makanan enak dan segar.Pertahankan ya.Lain kali saya balik lagim,Negatif,
"Makanan oke, hanya saja tempat kurang luas.",Negatif,
"Ikan jimbaran nya enak,,sambal nanas nya joss",Positif,
"Tempatnya cukup luas dan bersih. Makanannya juga terjangkau dan enak. Sayangnya ga kebagian kepiting pas kesana. Mungkin bakal kesana lagi deh. Pegawainya juga ramah, tiap masuk/keluar resto disapa kompakan ð¤£ð¤£ â¦",Positif,
"Zona Seafood adalah tempat terbaik untuk makan hidangan laut bersama, karena setiap hidangannya terasa lezat dan bahan-bahan yang digunakan sangat segar, sehingga rasanya semakin lezat. Pelayanannya juga sangat baik, dan tempatnya juga nyaman dan bersih. Saya sudah makan di sini lebih dari 7 kali.",Positif,
"Tempat makan seafood baru di jogja.Tempatnya luas, bersih dan rapi. Ada indoor dan outdoor dengan kapasitas sekitar 50 orang. Menyediakan aneka seafood, khusus ikan laut, menu ikan yang disajikan tiap hari bisa berubah. Makanan dan â¦",Positif,
Berulang kali saya tidak pernah kecewa...direkomendasikan...,Negatif,
Mantap sudah beberapa kali makan disini,Positif,
"Masakan enak, cozy, dan pelayanan baik",Positif,
"Tersedia berbagai macam menu seafood. Ikan
Kerang, udang, cumi dengan berbagai olahan.
Rasa enak, harga mulai 20ribuan. â¦",Positif,
"Service pelayanan oke banget. Tamu disambut dari awal datang hingga selesai pulang. Harga standar aja sih, sesuai harga. Dulu nyoba cumi pada hitamnya, ikan laut bakar jimbaran enak banget, skrg coba kerang saus padangnya agak kurang. Rasa â¦",Positif,
"Pengalaman pertama makan disini. Sambutan saat dtg & plng, sangat berkesan. Pelayanan jg sangat cepat. Kalau ke Yogya lg, pingin mkn disini lagi.",Positif,
"Enak si, cuma ya enak aja. Tipe ikan bakar yamg digoreng dulu baru dibakar. Ikan lautnya menurut aku agak asin trus bakar jimbarannya pedes bgt cocok buat pecinta pedes. Kangkungnya enak bgt. Pesen kerang asam manis, tapi manis bgt. Kurang â¦",Negatif,
"Tastenya masih kurang dan ikan laut nya belum komplit, untuk harga makanan kategori sedang mahal dengan porsinya, untuk harga minuman terlalu mahal untuk ukuran porsi gelas standar.",Negatif,
"Masakannya oke, rasa bumbu2nya semua masuk",Positif,
Mantap..ramah,Positif,
"Seafood dengan harga murah, rasa enak, dan bahannya fresh. Baru kali ini dapet seafood dengan rasa yang cocok di lidah dengan harga yang sangat terjangkau. Sudah sering ke sini, kalau ada membership pasti poinnya sudah banyak ð â¦",Positif,
"Beberapa kali makan ditempat ini alhamdulilah pelayanan sangat baik, menu yang disajikan enak, tidak mengecewakan..mantapp",Positif,
"Pelayanan okee,rasa enakk sekalii,ada greeting penyambutanyaa seru bangettâ¨ï¸next bakal kesini lagii ,ada spot fotonya juga best pokoknyaa",Positif,
"- Pegawai ramah dan pelayanannya cepat. Tempatnya juga bersih dan rapi
- Makanannya enak. Saya pesan ikan bakar saus Padang, udang bakar madu dan tumis kangkung. Semuanya enak dan sesuai harga.",Positif,
Porsi banyak. Kenyang banget pokoknya. Pegawainya ramah sekaleee. Mantap pokoknya.,Positif,
"Tempat makan seafood yg cukup lengkap mulai dari ikan, aneka kerang, cumi, kepiting, udang, sampe jenis bumbu buat bakarnya. Enak, porsinya pas, harga masih terjangkau dan bisa ditolerir krn ini seafood. Yg paling ikonik tiap ke sini pasti â¦",Positif,
"Sangat memuaskan, tempat bersih, masakannya enak semua, pelayanan ramah dan cepat",Positif,
"Woohh!!
Resto seafood yang mantab enaknya.
Kita breakdown satu persatu. â¦",Positif,
Tempat lumayan luas...pelayanan cepat...varian menu banyak...Harga sangat terjangkau ...,Positif,
"Ca Kangkung enakk dan fresh,cumi goreng tepung nya banyakk juga dengan harga segitu, hanyaa sambaal iblis dan setannya tidak sesuai namanyaa  kurang pedaaaass,pelayanan cepaatt overaal worh it sihh",Negatif,
"Sore ini,suami pengen seafood. Googling, nemu zona seafood. Sampai ditempat disambut teriakan selamat datang ð¥° kursi sudah hampir terisi penuh, tapi pelayanan cepat ð makanan enak semua nya ð top deh.. â¦",Positif,
Okee,Negatif,
Penyajian cepat,Positif,
"Untuk makanan menurut kami yang enak adalah ikan laut parappenya dan simping gorengnya juara, untuk harga jelas, pelayanan lumayan cepat jadi kita barusan duduk tidak menunggu lama langsung makanan datang, yang khas disini adalah ketika â¦",Positif,
Pelayanan ramah dan penyajian cepatð â¦,Positif,
"Makanny enak dan juga pelayanan sangat ramah tapi mending duduk d out door sih soalnya klo indoor buset asapnya banyak dan ngebul banget. Untuk kelas harga seafood sebanyak pesenan temenku, sangat worted banget (fotonya gk adað­) tapi paling the best adalah cumi tepung nya no debat â¦",Positif,
"Pas pertama liat harga di menu kirain porsinya dikit.
Pas udah beli ternyata porsinya bahkan cukup untuk 2 orang.
Recommended banget pokoknya, ga bakal nyesel kesini.",Positif,
Makanan enak,Positif,
"Makannya enak,murah,tempat bersih, pelayanan cepat, karyawan ramah ðRecommended banget buat pecinta seafood,Sukses selalu ðð¥° â¦",Positif,
"Nyobain zona seafood cab. Gejayan...Masakannya juwarak ð

Makanan : â¦",Positif,
"Buat yg suka seafood tempat ini rekomen banget sih, dari harga terjangkau dan rasanya enak banget!!! Bisa reservasi lebih dulu kalo nggamau antri. Makin malem makin rame tempatnya. Meski ngga luas banget tp tempatnya oke. Ada semi outdoornya di bagian belakang. Ada musola juga. Bikin nagih rasa makanannya, mantap!",Positif,
Mantap ga ada yg gagal makanananyaaa,Positif,
"Tempat ini adalah salah satu tempat di mana Anda bisa menemukan hidangan laut lezat di Jogja. Menariknya, jenis ikan di restoran ini tergantung pada jenis ikan yang tersedia. Semua menu yang saya coba dimasak dengan bahan-bahan segar. Jika Anda membawa rombongan, sebaiknya reservasi terlebih dahulu.",Positif,
"Makannya enak enak, suka kalap kalau pesan disana. Nggak cukup 1 menu aja.
Porsinya pas.",Negatif,
Poin plus dari tempat ini adalah pelayanannya. Biasanya kita temui warung makan seafood itu pelayanannya lama (karena proses masak lama) dan kadang tempat yang kurang bersih (terutama warung seafood pinggir jalan atau yang bukan tipe â¦,Negatif,
Enak. Harga cukup terjangkau. G perlu jauh2 k pantai...hahaha,Positif,
Sea food keluarga...harga merakyat..,Positif,
Nyaman untuk makan seafood dan harga standar untuk menu seafood. Terjangkau untuk mahasiswað â¦,Positif,
"Lokasinya mayan cozy, cukup strategis. Bisa booking buat bukber. Meja kursi cukup banyak. Lantainya licinnn. Makanannya enakk semuaaa, apalagi cumi telur asinnya ð â¦",Positif,
"untuk porsinya banyakk , saos padangnya juaraaaaaaaaað staffnya ramah dan gercep bangetâ­â­â­â­â­ ikan bakarr jimbaran dan sambal tomat matengnya jg bestttt â¤ï¸ â¦",Positif,
"Pelayanannya sangat sat set, karyawannya semangat menyambut customer yang datang.",Positif,
"Tempat nyaman, makanannya enak, g mahal, penyajiannya cepat, recommended bgt buat ngajak klg",Positif,
"Masakannya enakk, suasananya seru karna tiap dateng dan pergi ada sapaan dr semua staff hhahaa. Buat harga cukup terjangkau, tempat agak sempit, parkir mobil di pinggir jalan. Better ke sini barengan biar bisa join menu. Kemarin bertiga â¦",Positif,
Mungkin ini satu satunya gerai seafood di JOgja yang memiliki pelayanan amat sangat ter-management dengan  baik. dari pertamai kalli datang. Saat di pintu masuk kita akan disambut oleh pelayan dan kasir bahkan hingga juru masaknya yang â¦,Positif,
"Bagus, rapi, pelayanan ramah dan cepat, makanan juga enak, parkir yg masih jd kendala",Positif,
Enak murah porsi banyak,Positif,
Rumah makan sea food dg harga yang terjangkau serta rasa yg tidak kalah dr rumah makan sea food lainnya.,Positif,
Beli seafoodnya cuma 2 macem + sayur cukup buat ber3. Porsinya lumayan banyak buat ciwi2 yg gak bisa makan banyak ð harganya worth it lah sama porsi dan rasanya! ð â¦,Negatif,
"Pelayanan sangat ramah, menu variatif, rasa enak, sambal mantap pedasnya..",Positif,
"kalo ke jogja jgn lupa mampir kesinii guys, seafoodnya freshh, pelayanan cepat, staffnya ramah ramah semuanya ð¤©ð¤©ð¤©. â¦",Positif,
Citra rasa tinggi.. Saya ingin makan lagi di Zona Seafood Gejayan.. Pelayanan oke..,Positif,
Nikmat,Positif,
"Update 3 Nov 2022
Full seat pas jam 19.30an, ruame banget, tapi pelayanan tetep mantappp.. pesanan ga SMP 30mnt sdh keluar.  Keren sih ini, perlu dijaga kemantapan nya smp akhir â¦",Positif,
"Makanan nya enak, pelayanan sangat ramah dan sopan, namun sayang belum bisa gesek debit. Pembayaran via qris dan tunai",Positif,
"Pelayanannya sangat bagus ,Ramah,cepat , tempatnya bersih  ,pilihan seafoodnya bervariasi, harganya juga sangat terjangkau ðð â¦",Positif,
"Tempat nya enak, ga amis sama sekali, sendok garpu bener2 bersih dan ga bau..
Areanya bersih dan kalo dateng selalu di sambut sama pegawainya...
Rasa masakannya lumayan enak, untuk kerang hijau nya kemren dpt yg kecil2...",Positif,
"Suka di smoking areanya, simple sederhana namun menarik.

Bandeng bakar polos no kecap dan cumi telur asinnya rekomendasi banget",Positif,
"Greeting dr para staff juga sangat baik, makanannya enak bgtt dan ga perlu nunggu lama, kasirnya jg gercep",Positif,
"Masakannya enak. Harganya relatif murah. Porsinya cukup.
Pelayanan oke banget. Semua pegawai cekatan. Order dipastikan benar. Meja langsung dibersihkan begitu pelanggan meninggalkan meja. Nunggunya juga tidak lama â¦",Negatif,
"Makanannya lumayan, harganya terjangkau, tapi ventilasi memasaknya kurang baik, asapnya masuk ke ruang makan. Selebihnya, semuanya baik-baik saja.",Negatif,
"Tempatnya cukup bagus, pilihan menu lumayan komplit, namun asap dari memasak sangat menggangu. Mungkin bisa dicarikan solusi dg dibikin cerobong asap di bagian dapurnya.",Negatif,
semuanya cocok untuk menu makanan laut,Positif,
"Masakan enak,pelayanan ramah dan ngak begtu menunggu lama makanan nya ð¤© â¦",Positif,
"Pelayanan luar biasa ramah dan sopan.
Suka cara mrk menyambut customerð
Makanan enak, bersih penyajiannya, bersih tempatnya. â¦",Positif,
Enak pas murah,Positif,
"Murah enak , wajib kesini pokoknya",Positif,
"Warung seafood terbesttttttttttt,karyawannya ramah ramah dan sat set ð. Untuk makanannya semua enakkk apalagi udang bakar madu sama tumis kangkungnya juaraaað¤©ð¤©ð¤©ð¤© wajib cobain kalo liburan ke jogjaaa ð¤©ð¤© â¦",Positif,
Jadsng enak kadang rngga,Positif,
Lumayam,Negatif,
"mantap benul.... MARIII SELAMAT DATANG... TERIMAKASIH...
itu ucapan kompak pelayanan excellent di warung ini... sukses ya
makanan enak pelayanan enak â¦",Positif,
"Makanan cukup enak,layanan memuaskan,suasana sejuk dan aman.",Positif,
Seafood enak& murah.,Positif,
"Cepat ,enak dak ramah",Positif,
Pelayanannya sangat bagus dan soal rasa tidak pernah mengecewakan. Highly recommended ðð½ðð½ðð½ðð½ â¦,Positif,
"Suka sekali,pelayanan ramah.udang goreng tepung sm cumi kesukaan anak saya",Negatif,
"salah satu best seafood in town di jogja dengan harga yang murah. rasanya juga enak, seafoodnya juga fresh, bumbunya mantep, porsinya banyak. menu recommend udang goreng asin wajib banget coba, kalau cumi cobain yang telur asin.",Positif,
harga sangat ramah di kantong... rasanya juga enak kok....sambel nanasnya dabest!,Positif,
Enak murah,Positif,
Bintang 5 semua..udang nya belum ikut ke foto..makanan nya enak..hrga standar..porsi banyak..pelayanan nya cepat.. karyawan nya good service semua..makin rame lah ya..harapannya cuma satu..lebih luas lagi tempatnya,Positif,
Terenak dijogja. Harga sangat masuk akal. Sebulan udah 4x kesitu,Positif,
"Enak, pelayanan cepat, harga terjangkau, tapiiii untuk ownernya mungkin bisa ditambahkan blower. Kasihan pekerjanya tiap hari kena asap meski udah pakai masker",Negatif,
Menarikkk...,Negatif,
"Untuk kelas rumah makan, bintang 5 deh pelayanannya. Ga nyangka di follow up sejauh itu terhadap makanan yg tidak keluar, gpp maklum krn ramai. Rasa nya enak kalau soal asin atau engga sih selera tapi kalau saya suka asin ya pas ini, â¦",Negatif,
Sama seperti cabang pusat (jl magelang) mantab kak!,Positif,
"SILAKAN.... !!!
TERIMA KASIH...!!!
Kasir, pelayan n koki ny Kompak banget ð â¦",Positif,
"Tempatnya nyaman bersih, makanan yg disajikan fresh dan enak. Porsi makanan sesuai dengan harga.",Positif,
"Sering datang kesini,dan selalu puas dengan semua pelayanan dan masakanya..",Positif,
Mantap sekali,Positif,
"Rasanya lezat!
Saya sarankan Anda memesan Ikan Laut Bakar Madu, Ikan Bakar Parape, dan Kerang Dara. â¦",Positif,
"Pelayanan cepat dan hidangan lautnya enak dan fresh.
Jgn kaget kalo datang karena semua karyawannya kompak bgt nyambut tamunya",Positif,
Seafood terworth it dijogja rasanya enak semuaaanyaaa,Positif,
"kesana saat jam makan malam, waiting list, tapi nggak lama. server semua sangat helpful & friendly. makanan juga enak. â¥ï¸",Negatif,
"first time kesini, enak banget makanannya dan untuk harga menurut ku worth it banget dengan makanan seenak itu. pelayanan nya best banget dan pas masuk disambut ramai ramai gitu kek unik banget wkwkwk",Positif,
"Untuk menu lebih baik langsung paket. Tidak per item. Meski terhitung masih terjangkau, tapi terlihat kompleks. Bila tidak bertanya karyawan,bisa salah pesan.",Negatif,
"Enak sih tp cumi tepung nya asin.. ikan bakar parape nya pedes, rekomen.. tempatnya rame sekali tp cepet dapat tempat dan walaupun ramai, pelayanannya gak lelet plus ramah.",Positif,
"Seafood lengkap dengan harga yang masih terjangkau, rasa enak.",Positif,
"Jangan kaget ya, awal mau masuk semua karywan langsung teriak wkwkwkwk
Menu harga standart slur
Rasa rekomen â¦",Negatif,
"Ramah
Penyajian pesanan cepat
Rasa Mantul
Harga Umum",Positif,
"Rate 10:100

Makanan : 90 enak â¦",Positif,
Slalu langganan.fresh smua,Positif,
Ramah dan menyenangkan,Positif,
Enak .. tempat makan nya bersih .. penyajian sendok dan garpu jg di rendam di gelas air panas .. pelayanan cepat dan ramah .. di kasir jg di tanya kesan dan saran kita ..,Positif,
"Enak bgtt dan murah banget bangett! Udang dan kerangnya fresh bgt
Pelayannya jg ramah2 dan cekatan, masaknya cepet bgt
Mantab deh ð â¦",Positif,
Recommended enak ramah ga murah si tp worth it lah,Positif,
mantap,Positif,
"Maknyuss dan affordable.
Harga gak mahal dan rasa masakannya enak2.
Makanan cepat disajikan walau ramai. â¦",Negatif,
Pilihan teraman untuk makan seafood di jogja. Makanan nggak tunggu lama. Staff ramah oke.,Positif,
Enak dan hargapun tidak mahal alias standar tp rasa mantap,Negatif,
"tempatnya nyaman tapi agak sumep yang deket tempat masak, ikannya juara",Negatif,
"Makanan enak, parkiran tidak masalah, bersih dan pelayanan cepat. Bintang 3 soalnya sering asap dari bakar ikannya sering masuk ke dalam.",Positif,
"tempat nongkrong asyik, semua hidangan enak",Positif,
"makanannya enak, pelayanan cepat harga murah. rekomendasi kalau ke jogja.
parkiran saja agak susah karena rame",Positif,
"Rekomendasi tempat makan seafood dengan harga yang terjangkau.

Cita rasa enak, pilihan menu banyak, porsi ok. â¦",Positif,
Seafood recommended di Jogja.. Porsi banyak dengan harga standar dan rasa uenakkk,Positif,
"Makanannya enak, tempatnya asik, pelayanan cepat dan ramah, porsinya cukup",Positif,
"Tempat bersih, pelayanan OK, penyajian cepat, makanan 10/10, saosnya pas dengan berbagai macam menu yang disajikan paling recommended saos parape",Positif,
"Makanan enak, Penyajian cepat, Tempat bersih.",Positif,
"Menurutku sih makanannya tasty bangett!!! Porsinyaa juaraa, aku sampe nambah nasii 1x lagi, layanannyaa jugaa unik, setiap kita dateng, disambut sama seluruh pelayan dan kokinya dengan suara keras ð Tapii asli sejauh ini sih ini seafood terbaik di Jogja menurutkuu, worth it poll!! â¦",Positif,
"Selalu mampir kalau k jogja. Rasa enak harga bersahabat, pelayanan ramah",Positif,
"Tempatnya enak bersih dan nyaman, sayang mau foto gegara keasyikan ngobrol sama teman2 jadi ga sempat... Recommended tempat makan seafood yg harganya terjangkau",Positif,
Mantap lur,Positif,
"Tempat makannya ramai sekali sehingga terkadang harus menunggu antre, namun hal itu terbayar dengan makanan yang sangat enak dan pelayanan yang sangat baik.",Positif,
Aromanya senikmat rasanya ð½ â¦,Negatif,
pokoknya kalau lagi pengen makan seafood jangan pernah lupa mampir kesini karena makananya selalu enak dan ga pernah mengecewakanð«¶. â¦,Positif,
"Pelayanan baik dan cepat,rasa jg enak. Salah satu tempat makan dg sajian seafood yg menjadi favorit keluarga kami.",Positif,
"Makanannya enak, tempatnya keren, and harganya murah meriah...",Positif,
enakkk!,Positif,
Seafood menunya hampir semuanya enak. Favorit syaa yg olahan seafood telur asin . Harganya ramah di kantong.,Positif,
Hidangan udang dan cah kangkungnya mantap,Positif,
Enak ramah murahhh..... ðð â¦,Positif,
"Ramah, service makanan cepat, makanan enak, harga kompetitif",Positif,
"Baru pertama kali nyoba dan mnrtku enak, aku pesen kerang dan nyobain udang saos mentega punya temenku enak bumbu dan saosnya, harganya lumayan terjangkau juga. Terus tempatnya bersih rapih itu yg bikin nyaman utk makan disitu.",Positif,
"untu rasa sesuai selera masing masing ya, rekomendasi saos asam manisnya klau padang terlalu asin di lidahku ððð pelayanan good pembayaran bisa tunai bisa Qriis tempat nya jg bersih untuk meja nya lucu piringnya bisa jalan sendiri kesana kemari
hihihið¤­ð¤­ð¤­ð¤­ â¦",Negatif,
Waktu masuk seru tapi kaget karena sambutan dari kokinya dan kasirnya.. tapi keren sih,Positif,
"Harga yg d tawarkan murah utk sekelas seafood, termasuk komplit dalam hidangan seafood d tengah kota, layanan sangat bagus, utk rasa 8/10..",Positif,
bagi pencinta seafood..zona seafood salah satu pilihan tempat di jogja yang perlu di coba,Positif,
"Makanannya enakkk, harganya pas. Pelayanannya oke banget super ramahð â¦",Positif,
Recomended bagi pecinta hidangan makanan laut ð â¦,Positif,
"Tempat bersih, pelayanan ramah dan cepat, makanan nya juga juara, n harganya murah.
Bikin nagih.
Bestððð â¦",Positif,
Pelayanannya top. Sat set. Dateng waktu rame harus waiting list 5 antrian tapi cepat dapet tempat. Banyak pilihan menu. Porsinya juga banyak. â¦,Positif,
Enak dan harga gak mahal. Ikan bakar parepe menu yang layak dicoba(pake ikan laut yg besar sekalian biar puas).,Positif,
"Tempat nya mantap cozy dan bersih. Kecepatan dan respon karyawan nya sungguh sangat baik, ikan nya fresh dan penyajian nya tidak lama. Jaya selalu Zona Seafood",Positif,
"Tempatnya nyaman buat makan, sambutan dari karyawan kompak, makanan dan minuman penyajiannya cepat, mantap dan hemat dikantong",Positif,
"makanannya enak dan seru gitu pramusajinya
kerenlah pokoknya",Positif,
"Wahh ini sih restoran seafood bintang 5... Udah pelayananya cepat, sat-set pokoknya. Makananya juga istimewa enaknya.gak ada saingannya deh.",Positif,
Enak dan nikmat,Positif,
"Makanannya selalu enakk
Pernah sekali coba di cabang kotabaru tapi kok beda ya lebih enak disini
Menu baru tumis baby buncisnya enak",Positif,
"zona seafood selalu enak dan nggak pernah mengecewakan! pelayanan cepat, sigap, dan ramah â¦",Positif,
"Tempat jajanan makanan laut yang sangat ramai. Harganya murah tapi rasanya luar biasa!
Lebih baik reservasi tempat duduk dulu, mereka akan meminta Anda membayar biaya â¦",Positif,
"Jangan kaget kalau datang disambut ""Selamat datang"" kompak oleh staffnya dan kalau pulang juga staff kompak bilang ""Terima kasih"". Ga pernah bosan makan di sini. Udang bakar madunya recommended.",Positif,
"ENAKKKK, suka jamur saus telur asin. rame banget karena banyak yang kesini, worth it dengan harga",Positif,
"Dari awal masuk sudah disambut ramah oleh kasir,
untuk makanannyaï¼murah terjangkau, bahkann pesann 1 bisa untuk 2 orang mennn. gila gak sih. rekomended baanget lachhhhh",Negatif,
"Resto seafood di daerah gejayan, tempat luas  ( tetsedia indoor & outdoor)
Rasa enak & harga terjangkau
Pelayanan ramah serta cepat ðð â¦",Positif,
"Enak
Harga dan rasanya pas
Bakal langganan",Positif,
"Cepat ramah , bersih cocok bgt buat yang pacaran , keluarga maupun yang udah cerai , sukses terus zona seafood",Positif,
"Pelayanannya ramah, makanannya enak poll    hidangan nya cepet di sajikann tempatnya juga bersihh, reccomendd buat makan bareng temen2 atau keluarga ðð» â¦",Positif,
"Untuk pertama kalinya aq makan disitu,aq merasa kok enak bngt,ya dari segi pelayanan,dari segi tempat, apalagi dari segi rasa behhhh mantapp bettt,buat harga segitu dan kualitas kaya gitu,dijamin deh bakal ketagihan,nasine pulen,masakan â¦",Positif,
Penyambutan secara serentak  baik karyawan front office dansemua koki kepada semua yg masuk resto merupakan layanan yg ok,Negatif,
Pokoknya kalau disini puas. Enak. Murah sesuai. Pokoknya termasuk idola keluarga,Positif,
"Makannya enak murahh, pelayanannya cepet banget gak sampe 5 menit udah di meja semuanya. Pelayannya ramah ramah semua, pas gerimis duduk diluar dibantuin angkat makajan ke dalam. Tempatnya adem soalnya ada outdoornya di bagian belakang",Positif,
"Enak, bersih, Harga worth it, karyawan penuh semangat, recommended",Positif,
Enak pake banget,Positif,
"Enak,dan banyak varian saosnya",Positif,
"Tempatnya nyaman bersih yg area outdoornya cozy bisa untuk couple time, cocok juga untuk family time namun tidak ada area anak bermain hanya disediakan kursi duduk untuk balita makan saja. Semua rasa masakan sangat amat enak, tpi ya emang â¦",Negatif,
Kangkung enak!!! Kerang mantap,Negatif,
tempat makan seafood cocok untuk family dinner harga masih terjangkau,Positif,
"Good service, makanannya enak tadi waitersnya salah kasih ikan terus dikasih Complimentary item padahal kalo ga dikasih kita juga gpp banget. Tengkiuu yaa semoga berkah aamiin",Negatif,
Menyediakan berbagai olahan ikan laut,Positif,
"Udah beberapa kali makan dsini.
harga mahasiswa, porsi banyak.
recommended, budget anak kos.",Positif,
"menunya enak,pilihannya juga banyak, tidak amis, pegawainya juga ramah banget",Positif,
"bersih nyaman , ramah banget
mantulllððð â¦",Positif,
"Cara menyambut tamu yang datang sanggat unik,,,di lakukan dengan paduan suara para pramusaji.selamat datang......
Di akhiri dengan terimakasih.......
Sangat kompak",Positif,
Tempat nyaman makanan enaak..,Positif,
"Menu ga pernah failed, coba ini itu enak semuanya.

Namun asapnya banyak dan parkiran terbatas",Positif,
"Makanan biasa saja, tetapi pelayanan sangat sempurna âºï¸ð¤ â¦",Positif,
"Waktu tunggu cukup cepat bahkan saat ramai. Tempat luas, ada meja semi outdoor dan indoor.",Positif,
"Panas dikit, tapi sebanding sama makanan nya lah. Pilih duduk yg d8 blakang aj ya, atap langit asal nggak ujan",Negatif,
"So far makanannya enak bgt, untuk harga sesuai, tempatnya juga bersih. Pelayanannya bagus dan cepat gaperlu nungguÂ² lama makanan jadi. Banyak pilihan menu nya juga. Wajib banget tambah sambal mangga nya jadi lebih seger ð â¦",Positif,
Murah segar cepat ramah ramah,Positif,
Kompak,Positif,
"Satu dari sekian resto yang menerapkan keramahan & attitude staff #1 dilengkapi dengan produk jual yang terjangkau, lezat dan higienis â¦",Positif,
Makanan Enak harga bersahabat,Positif,
"Enak banget disini, rasa makanan nya cocok, sambelnya enak.. 1 piring nasi gak cukup :D",Positif,
"Makanannya enak, dan saya pribadi merasa telur asinnya lezat. Stafnya sangat ramah dan pelayanannya sangat cepat. Beberapa area duduk di dekat dapur mungkin agak panas, tetapi ada area tanpa atap, yang jauh lebih sejuk.",Positif,
Enakkkk bgtttt harga murah & porsi nya pass 1000/100,Positif,
"Gapernah skip ajak keluarga atau tamu dari luar kota buat nyobain makan disini, tapi menurutku rasanya beda beda tiap cabang , paling enak yang digejayan bisa book by wa juga",Positif,
"Masakanya enak-enak semua ,pelayanan ramah dan penyajianya cepat..alat saji higienis dan yang paling penting harganya terjangkau,recomend banget pokoknya ð â¦",Positif,
"So far enaaaa semua makanan tp ternyata banyak yg dimasak krispi tepung duluuuu tp amaaan. Pelayanannya good banget, Welcoming customersnya jg okee. Waktu kami nanya ikan lautnya hari ini apa grgr penasaran karena terksturnya kenyal enak â¦",Negatif,
Beberapa kali makan disini sllu pingin balik lagi,Negatif,
Wahhh ini seh tempat yg bisa memanjakan pejyuka seafood neh...tempatnya seh cukup strategis di pinggir jalan gejayan...setelah selokan mataram sebelum belokan ke arah percetakan kanisius...barat jalan...nanti liat aja kl ada banyak gambar â¦,Negatif,
Zona seafood jogja mantap poll dahhhh gak bakalan nyesel jajan disini,Positif,
Selalu ca kangkung menjadi menu wajib disini ehe,Positif,
"seru banget makan di sini!

employee nya kompakan bilang makasih saat customer udh selesai bayar. keren ððð» â¦",Positif,
"Makanannya enak banget, pelayanan jempolan masuk dan keluar resto disambut rame2 ð¤©ð¤©, harga terjangkau, anak2 saya bilang semuanya the best masyaAllah recomendedððð¤©sukses selalu zona seafood â¦",Positif,
"Baru pertama kali ke sini pas malam minggu dengan keluarga.. Enak makannya, pelayanannya ramah dan cepat juga.. Sempat nunggu karena memang rame tapi ga lama nunggunya karena pelayannya serba cepat juga... Waaah pokoknya top deh, jadi pengen kesini lagi.. Tmpt nyaman dan harga juga affordableðð â¦",Positif,
Makan enak harga murah,Positif,
Mantap banget,Positif,
"Penyajian cepat
pesen beberapa menu enak semua...
Tempat bersih...
Bsk kembali lagi kalau maen jogja",Positif,
"Pelayanan ramah, semua karyawan menyapa, sajian enak dan cepat. Sudah beberapa kali makan di sana dan memuaskan.",Positif,
"Enak masakannya, harga terjangkau, cocok bgt buat pecinta seafood",Positif,
"Rasa cukup. Suasana di bagian belakang ok, tapi didepan banyak asap dan panas.",Negatif,
"Tempatnya open kitchen gitu, terus walaupun ramee bngt tapi tempatnya rapih. Terus untuk makanan so so, biasa aja masih bisa dimakann. Tapi buat sambelnya pedes bngt wkwkwk pedes nyelekit, terus buat oseng kangkungnya enakk gurih asin gak â¦",Negatif,
"Selain masakannya yg enak dan nyaman banget di lidah, pelayanannya disini bener2 TOP. Selain datang disambut ramai2 krn tau kita bawa bayi, lgs ditawari baby chair sm mbak yg di depan dan dibawain lgs sm mas2 nya, trs lgs diinfo tempat yg â¦",Positif,
"Pelayanan nya cepat, pegawainya juga ramah2. Baru pertama masuk d sambut sama pegawainya dengan meriah. Saat mau pulang pun sangat meriah. Makanannya enak n harga murah. Bakal sering2 ksini.",Positif,
makananya enak2 dan tempatnya juga nyaman,Positif,
"Enak,nyaman fkeksibelð â¦",Positif,
"Masakannya enak, murah dan tempatnya bagus bangett..
Cocok banget dah buat makan enak sambil nyantai d tempat yg keren..",Positif,
Rasa lumayan...walaupun cara masaknya terkesan buru buru tp tingkat kematangannya pas...konsep open kitchennya menarik...suasana real kitchen saat paling sibuk dapat terlihat dan mungkin bisa jadi hiburan tersendiri...,Negatif,
selalu seneng makan disini,Positif,
"Enak bgt udangnya, pelayanan juga ramah",Positif,
"enak, fresh seafoodnya. affordable tapi porsinya banyaaak.
sayang pas makan ada chef yg lagi dimarahin jadi suasanya kurang nyaman :(",Negatif,
Mantapðð â¦,Negatif,
"Rasa Makanannya enak semua
Porsinya lumayan banyak
Harga bersahabat murah meriah â¦",Positif,
"Pelayanan bagus sekali, pelayan ramah dan ada sambutan.. ððð â¦",Positif,
"Enak!
Cocok banget buat acara makan rame rame",Positif,
Murah mantap,Positif,
"Pertama kali nyobain makanan di sini, aku pesen cah kangkung, cumi tepung, sama udang asam pedas, untuk rasa makanannya mayan enak tapi gak terlalu buat ketagihan (udang asam manis 7,5/10, cumi tepung 8,5/10, cah kangkung 7,5/10) buat â¦",Negatif,
Restoran seafood rekomen!,Positif,
"Ikan kurang besar, tapi bumbunya enak.. overall lumayan lah",Negatif,
"Enak, untuk masakan udang bisa request udangnya mau ditepung atau ngga. Bersih dan higenis. Alat makan direndam air panas.",Positif,
"Kalau balik ke Yogyakarta, saya pasti ke sana lagi. Murah meriah dan enak! Makanan lautnya juga beragam. Tapi, asap dari dapurnya bikin mata perih, dan suasananya agak ramai karena banyak pelanggan.",Negatif,
"Makanannya enak, rasanya juga enak, Bumbu Bakar Jimbaran yang terbaik disini",Positif,
"Ada babycare nya buat adek dan pelayanannya ramahÂ², cuma kurang sambalÂ² dari timur aja seperti dabuÂ² ð â¦",Negatif,
"Selalu rame, karena menunya enak-enak.. Mantap",Positif,
"Makanan enak, dan tersaji cepat",Positif,
"Makanan laut murah terbaik di kota.
Saus telur asinnya direkomendasikan.",Positif,
Pulang dari sini tgl 28 Juni 2024 . Saya mengalami muntah muntah,Positif,
"Seafood enak, harga terjangkau, tempat nyaman",Positif,
"Langganan di sini, hampir setiap seminggu 2 atau 3 kali pasti mampir..
tempatnya bersih ga bau amis, masakannya juga enak..
rekomendasi sih menu Jimbaran, beuuh pedes-pedes segerr..
harga standart sih tergantung ukuran sedang atau besar...",Positif,
"Tidak perlu diragukan bos... Emang mantap, pelayanan gesit",Positif,
"Pesen 4 menu, dori telur asin, cumi lada hitam, udang saos padang, dan kerang dara rebus. Dori telur asin dan cumi lada hitamnya terlalu asin, benar-benar keasinan. Sampai pusing kepala saya pas pulang ke rumah.",Negatif,
Bagus tp asap saat memasak kemana2,Negatif,
"Rasa masakan mantap,layanan jg kompak,hny perlu lebih dibuat nyaman suasananya saja.thanks",Negatif,
TERIMAKASIH :'),Negatif,
"Untuk tempat masih oke sih, bersih dan mantap ngga ada lalat padahal resto yang jualan ikan biasanya ada lalat atau bau amis. Pelayanan ramah dan lucu kalau masuk dan pas keluar di teriaki ramai ramai 'selamat pagi"" terima kasih"" dsb (kaya â¦",Negatif,
Rasa enak dan pas di lidah.,Negatif,
Semuanya bagus.. mungkin lain kali tambahkan kipas angin atau blower supaya lebih sejuk ð¥ â¦,Negatif,
Rumah makan seafood cepat saji. Sumpah cepat banget penyajiannya . Makanannya enak harga murah. Dan jangan kaget ketika anda masuk ada sapaan ramah dari seluruh kru nya ... luv it. Wajib makan disini pokoknya,Positif,
Baru masuk langsung disambut dengan meriah wkwk unik banget. Enakkk,Positif,
"Makannya oke, pelayanan gak lama ada experience baruu pas makan d sni,",Positif,
"Pegawai nya ramah dan masakannya cocok ,,,Mantabð â¦",Positif,
Ramah pelayanan ny ðð mari silahkannð¤­ð¤­ð¤­ â¦,Positif,
"Masakannya enak, yang bikin seneng kesana itu karena sambutannya meriah, nyenengin gitu, outstanding service nya mantab",Negatif,
"Masakannya enak,menu fres & variatif
Pelayananya cepat & ramah2 karyawanya",Positif,
Karyawan yg sangat luar biasa ramah dan cekatan,Positif,
Rasa makanan enak .,Positif,
Tempat nya nyaman dan cepat,Positif,
"Pertama kalinya coba ini karna deket dr penginapan la casa - jogja, jalan kaki gerimis gerimis kesini buat makan malam... â¦",Positif,
Enak cocok buat keluarga dan kantong,Positif,
Suka bgt sama kangkungnyaðð â¦,Positif,
"ga suka makan ikan terus nyobain pesen ikan bandeng tanpa tulangnya, enak bgt asli harus cobaaa!! udang, cumi enak semuaaa terus lumayan murahj buat mahasiswaa",Positif,
Enak ramah bersih,Positif,
Terimakasih masakan nya weenak poll... Seafood termantap di gejayan,Positif,
Rasanya mantab,Positif,
"Makanan enak pelayanannya ramah dan cepat, tempatnya bersihhhð¤ â¦",Positif,
"Bumbu ikan bakar nya meresap dan tidak amis, overall semua yang di pesan rasa nya enak mulai dsri udang, cumi, kerang dan kangkung nya, hanya saja tempat nya pengap apalagi jika duduk di dekat kitchen dan saya sempat duduk disitu â¦",Negatif,
"Baru pertama kali kesini, tapi saya cocok dengan rasa masakannya. Ca Kangkungnya punya rasa yang kuat dgn background rasa bumbu khas chinese food. Saya beli udang asam manis dan ayam goreng crispy semuanya enak dan disajikan fresh (saat â¦",Positif,
"highly recommended!! makan disini puas dan cocok buat makan sama keluarga. pelayanannya oke bgt, jangan kaget kalau dateng soalnya bakal disambut ramaii ð«¶ð» admin nya fast respon dan membantu buat reservasið¯ â¦",Positif,
"Tempat maksin sea food jogja yang enak
murah dan cepat pelayanannya dan paling bagus adalah sat kita dang dan plng di sapa",Positif,
"Tambah gedhe lagi lah tempatnya.., matep masakanya.., layanan jossa",Negatif,
kepitingnya enak..bisa pesan di depan by wa. take away. hanya akomodasi parkir kurang,Negatif,
"Tempat bersih, menu lengkap, rasa enak, harga murah... Komplit dah mantabnya...",Positif,
ENAK!,Positif,
"Top semua dehh ð
Rasa, pelayanan, kecepatan penyajian
Paduan suara saat datang dan pergi â¦",Positif,
"Karyawan nya ramah"", pelayanan cepat, untuk harganya juga worth it sihhhðapalagi pas dateng dan pergi disambut dengan kompak oleh para stafnya... â¦",Positif,
"Tidak pernah gagal.. Suka semua yang ada telur asinnya.. Terutama udang dan jamur.. Pelayanan cepat, harga terjangkau",Positif,
Murah dan enak,Positif,
"cocok banget ke sini kalau lagi pengen seafood dengan harga murah

rekomendasi: terong salted egg/telur asin (worth to try ðð¼) â¦",Positif,
